Image,Class
image6245.jpg,Attire
image10409.jpg,Decorationandsignage
image8692.jpg,Decorationandsignage
image10517.jpg,Attire
image2580.jpg,Decorationandsignage
image848.jpg,misc
image1232.jpg,Decorationandsignage
image8386.jpg,Decorationandsignage
image9828.jpg,misc
image9033.jpg,Decorationandsignage
image2857.jpg,misc
image7838.jpg,Decorationandsignage
image6337.jpg,Decorationandsignage
image3608.jpg,Decorationandsignage
image9190.jpg,Food
image8586.jpg,Attire
image8140.jpg,Decorationandsignage
image8208.jpg,misc
image1052.jpg,misc
image3926.jpg,Decorationandsignage
image3726.jpg,misc
image1491.jpg,Decorationandsignage
image1572.jpg,Decorationandsignage
image3925.jpg,Decorationandsignage
image4858.jpg,misc
image1498.jpg,Decorationandsignage
image6432.jpg,Decorationandsignage
image6175.jpg,misc
image4756.jpg,misc
image9174.jpg,Decorationandsignage
image7285.jpg,Decorationandsignage
image5797.jpg,Decorationandsignage
image3666.jpg,Decorationandsignage
image5597.jpg,Decorationandsignage
image5663.jpg,misc
image9985.jpg,Decorationandsignage
image7108.jpg,Decorationandsignage
image3064.jpg,Decorationandsignage
image1781.jpg,misc
image9617.jpg,Food
image7924.jpg,Attire
image5861.jpg,Decorationandsignage
image4276.jpg,misc
image7252.jpg,Decorationandsignage
image5331.jpg,Attire
image8666.jpg,Attire
image5984.jpg,Attire
image401.jpg,misc
image3483.jpg,misc
image10088.jpg,Decorationandsignage
image6596.jpg,misc
image318.jpg,Decorationandsignage
image802.jpg,Attire
image6218.jpg,misc
image4565.jpg,misc
image37.jpg,Decorationandsignage
image2372.jpg,Decorationandsignage
image7920.jpg,Decorationandsignage
image3571.jpg,Attire
image5368.jpg,Decorationandsignage
image753.jpg,Food
image10123.jpg,misc
image2107.jpg,Attire
image1871.jpg,Attire
image2731.jpg,Attire
image10828.jpg,misc
image217.jpg,Decorationandsignage
image10788.jpg,misc
image8563.jpg,Attire
image5125.jpg,Attire
image2719.jpg,Attire
image6911.jpg,misc
image9095.jpg,Decorationandsignage
image5207.jpg,misc
image7478.jpg,Decorationandsignage
image7776.jpg,misc
image3644.jpg,Attire
image8224.jpg,Attire
image2565.jpg,Attire
image6160.jpg,Decorationandsignage
image2524.jpg,Decorationandsignage
image1722.jpg,Decorationandsignage
image8457.jpg,Decorationandsignage
image8578.jpg,Decorationandsignage
image1954.jpg,Attire
image7643.jpg,Attire
image7714.jpg,misc
image307.jpg,Decorationandsignage
image1341.jpg,misc
image8686.jpg,Attire
image7887.jpg,Decorationandsignage
image3274.jpg,Decorationandsignage
image1426.jpg,Attire
image845.jpg,Decorationandsignage
image1549.jpg,Attire
image3503.jpg,Decorationandsignage
image2252.jpg,Decorationandsignage
image2767.jpg,Food
image10562.jpg,Attire
image7268.jpg,misc
image9060.jpg,Attire
image7529.jpg,Food
image3923.jpg,misc
image6891.jpg,Attire
image5590.jpg,Decorationandsignage
image4302.jpg,misc
image9905.jpg,Attire
image3328.jpg,Attire
image9614.jpg,Decorationandsignage
image1666.jpg,Decorationandsignage
image1795.jpg,misc
image2928.jpg,misc
image9002.jpg,Decorationandsignage
image3621.jpg,Decorationandsignage
image4196.jpg,misc
image10143.jpg,Attire
image9736.jpg,misc
image8658.jpg,Decorationandsignage
image7313.jpg,Attire
image3422.jpg,Attire
image9391.jpg,Decorationandsignage
image7732.jpg,misc
image9951.jpg,Attire
image9627.jpg,Attire
image5146.jpg,Decorationandsignage
image8480.jpg,misc
image1460.jpg,Decorationandsignage
image8731.jpg,misc
image6637.jpg,Attire
image3194.jpg,Decorationandsignage
image9157.jpg,Decorationandsignage
image5073.jpg,Decorationandsignage
image6354.jpg,misc
image7809.jpg,Food
image9849.jpg,Decorationandsignage
image9965.jpg,Decorationandsignage
image7334.jpg,Attire
image2284.jpg,Attire
image5644.jpg,Attire
image9675.jpg,misc
image2866.jpg,misc
image6954.jpg,Decorationandsignage
image5395.jpg,misc
image9619.jpg,Attire
image8834.jpg,misc
image6991.jpg,misc
image8762.jpg,Attire
image5474.jpg,Decorationandsignage
image8691.jpg,misc
image7879.jpg,Decorationandsignage
image6092.jpg,Decorationandsignage
image8918.jpg,Attire
image7682.jpg,Attire
image6034.jpg,Attire
image9572.jpg,Decorationandsignage
image4291.jpg,Attire
image10625.jpg,misc
image7913.jpg,Decorationandsignage
image8135.jpg,Decorationandsignage
image10242.jpg,Attire
image7844.jpg,Decorationandsignage
image7795.jpg,Decorationandsignage
image7694.jpg,misc
image3760.jpg,Decorationandsignage
image7889.jpg,Attire
image528.jpg,Decorationandsignage
image4611.jpg,Decorationandsignage
image6782.jpg,misc
image2964.jpg,Attire
image2054.jpg,Attire
image7256.jpg,misc
image4101.jpg,Decorationandsignage
image7368.jpg,misc
image476.jpg,Decorationandsignage
image3695.jpg,misc
image7845.jpg,Decorationandsignage
image3256.jpg,misc
image7168.jpg,Decorationandsignage
image9061.jpg,misc
image3908.jpg,Decorationandsignage
image7595.jpg,misc
image3883.jpg,Attire
image4839.jpg,Food
image1152.jpg,misc
image393.jpg,misc
image675.jpg,misc
image7312.jpg,Attire
image8410.jpg,Attire
image9789.jpg,Attire
image2595.jpg,Decorationandsignage
image9221.jpg,Decorationandsignage
image7929.jpg,Attire
image9492.jpg,Decorationandsignage
image9388.jpg,Attire
image10433.jpg,Attire
image5595.jpg,Decorationandsignage
image7434.jpg,Attire
image9362.jpg,Decorationandsignage
image9346.jpg,misc
image6659.jpg,Decorationandsignage
image7576.jpg,Attire
image2759.jpg,Attire
image1512.jpg,Attire
image8242.jpg,Attire
image2432.jpg,Attire
image1361.jpg,Attire
image2091.jpg,Decorationandsignage
image6581.jpg,Decorationandsignage
image5385.jpg,Decorationandsignage
image2435.jpg,Attire
image3085.jpg,Decorationandsignage
image9244.jpg,Decorationandsignage
image5102.jpg,Decorationandsignage
image3063.jpg,Decorationandsignage
image6467.jpg,Decorationandsignage
image4918.jpg,Food
image578.jpg,Decorationandsignage
image7939.jpg,Decorationandsignage
image5248.jpg,Attire
image4645.jpg,Decorationandsignage
image10859.jpg,Attire
image7742.jpg,Decorationandsignage
image10366.jpg,Decorationandsignage
image9765.jpg,Decorationandsignage
image9238.jpg,Decorationandsignage
image7857.jpg,Decorationandsignage
image1240.jpg,misc
image8123.jpg,Attire
image10304.jpg,Attire
image4722.jpg,Decorationandsignage
image6515.jpg,Attire
image7727.jpg,Attire
image5253.jpg,Attire
image8843.jpg,misc
image9996.jpg,Attire
image3671.jpg,Attire
image5477.jpg,Attire
image8049.jpg,Decorationandsignage
image3948.jpg,Decorationandsignage
image2938.jpg,misc
image974.jpg,Decorationandsignage
image4635.jpg,Decorationandsignage
image4113.jpg,Decorationandsignage
image4811.jpg,misc
image6062.jpg,Decorationandsignage
image2823.jpg,Decorationandsignage
image9168.jpg,Decorationandsignage
image2149.jpg,Attire
image6237.jpg,Decorationandsignage
image5350.jpg,misc
image10166.jpg,Decorationandsignage
image1603.jpg,Attire
image3198.jpg,misc
image5806.jpg,Decorationandsignage
image8601.jpg,Decorationandsignage
image4070.jpg,misc
image7146.jpg,Decorationandsignage
image8820.jpg,Decorationandsignage
image6830.jpg,misc
image7457.jpg,misc
image917.jpg,Decorationandsignage
image8878.jpg,Attire
image2894.jpg,Decorationandsignage
image8755.jpg,misc
image8217.jpg,Decorationandsignage
image10292.jpg,Attire
image9911.jpg,Attire
image4697.jpg,Decorationandsignage
image9786.jpg,Decorationandsignage
image5355.jpg,Attire
image3001.jpg,Attire
image7922.jpg,Attire
image3850.jpg,misc
image2773.jpg,Decorationandsignage
image9296.jpg,Attire
image9654.jpg,Decorationandsignage
image5958.jpg,Decorationandsignage
image7994.jpg,Decorationandsignage
image10700.jpg,Decorationandsignage
image4791.jpg,Decorationandsignage
image9423.jpg,Attire
image4984.jpg,Attire
image8742.jpg,Decorationandsignage
image3227.jpg,Attire
image1121.jpg,misc
image9557.jpg,Attire
image5867.jpg,Decorationandsignage
image7264.jpg,Decorationandsignage
image82.jpg,misc
image2226.jpg,Decorationandsignage
image6487.jpg,misc
image1202.jpg,Attire
image2465.jpg,Decorationandsignage
image3124.jpg,Decorationandsignage
image10201.jpg,Attire
image457.jpg,Attire
image9449.jpg,Decorationandsignage
image3653.jpg,misc
image4375.jpg,misc
image8980.jpg,Attire
image2292.jpg,misc
image4513.jpg,Decorationandsignage
image8710.jpg,Attire
image5016.jpg,Decorationandsignage
image9748.jpg,Decorationandsignage
image5256.jpg,Attire
image8312.jpg,misc
image5632.jpg,Decorationandsignage
image8105.jpg,Decorationandsignage
image1284.jpg,misc
image7303.jpg,Decorationandsignage
image282.jpg,Attire
image9112.jpg,misc
image597.jpg,Decorationandsignage
image3566.jpg,Decorationandsignage
image5083.jpg,Decorationandsignage
image9746.jpg,Decorationandsignage
image10072.jpg,Attire
image1318.jpg,Attire
image5213.jpg,misc
image5362.jpg,Decorationandsignage
image5234.jpg,misc
image7247.jpg,misc
image6125.jpg,Decorationandsignage
image4569.jpg,Decorationandsignage
image9010.jpg,Decorationandsignage
image2279.jpg,Decorationandsignage
image7412.jpg,Decorationandsignage
image6559.jpg,Decorationandsignage
image455.jpg,misc
image8894.jpg,Decorationandsignage
image3367.jpg,Attire
image5736.jpg,misc
image350.jpg,Decorationandsignage
image5057.jpg,Attire
image3625.jpg,Decorationandsignage
image1920.jpg,Attire
image6692.jpg,Decorationandsignage
image114.jpg,misc
image7115.jpg,Attire
image7435.jpg,Decorationandsignage
image736.jpg,Decorationandsignage
image1053.jpg,misc
image6728.jpg,Attire
image8227.jpg,misc
image7719.jpg,Decorationandsignage
image5621.jpg,Attire
image2428.jpg,Attire
image389.jpg,Attire
image10491.jpg,misc
image10780.jpg,misc
image8024.jpg,Decorationandsignage
image9249.jpg,Decorationandsignage
image5716.jpg,Decorationandsignage
image3437.jpg,Decorationandsignage
image6943.jpg,Decorationandsignage
image10739.jpg,Decorationandsignage
image3472.jpg,misc
image10486.jpg,misc
image5783.jpg,Decorationandsignage
image10164.jpg,Decorationandsignage
image3996.jpg,misc
image6422.jpg,Decorationandsignage
image8232.jpg,Decorationandsignage
image1902.jpg,Decorationandsignage
image8672.jpg,Decorationandsignage
image1410.jpg,misc
image10408.jpg,misc
image10114.jpg,Attire
image1330.jpg,Attire
image10314.jpg,misc
image7304.jpg,Attire
image10219.jpg,Attire
image1964.jpg,Decorationandsignage
image6242.jpg,misc
image6869.jpg,Decorationandsignage
image1247.jpg,misc
image4278.jpg,Attire
image4481.jpg,Attire
image7815.jpg,Attire
image2876.jpg,misc
image8673.jpg,misc
image1385.jpg,Decorationandsignage
image1961.jpg,misc
image1323.jpg,misc
image3501.jpg,Decorationandsignage
image3062.jpg,Attire
image660.jpg,Decorationandsignage
image4938.jpg,Attire
image6400.jpg,Attire
image3552.jpg,Attire
image8620.jpg,Food
image3082.jpg,Attire
image4376.jpg,Attire
image6056.jpg,Decorationandsignage
image4519.jpg,Attire
image3271.jpg,misc
image9670.jpg,misc
image1829.jpg,Decorationandsignage
image2360.jpg,Attire
image1826.jpg,Decorationandsignage
image10228.jpg,Decorationandsignage
image10142.jpg,Food
image9420.jpg,misc
image2640.jpg,Decorationandsignage
image9846.jpg,Attire
image3006.jpg,Attire
image6737.jpg,Decorationandsignage
image1057.jpg,misc
image9921.jpg,misc
image9170.jpg,misc
image1831.jpg,Decorationandsignage
image5552.jpg,Decorationandsignage
image9664.jpg,misc
image682.jpg,Attire
image4465.jpg,Decorationandsignage
image9350.jpg,Decorationandsignage
image10241.jpg,Decorationandsignage
image2343.jpg,misc
image8018.jpg,Attire
image4799.jpg,misc
image5730.jpg,Attire
image5899.jpg,Attire
image10468.jpg,Decorationandsignage
image935.jpg,Decorationandsignage
image7582.jpg,Attire
image10010.jpg,Decorationandsignage
image10539.jpg,Decorationandsignage
image2748.jpg,Decorationandsignage
image4030.jpg,Decorationandsignage
image8274.jpg,misc
image6698.jpg,Food
image2274.jpg,Decorationandsignage
image3689.jpg,Attire
image3428.jpg,Attire
image4211.jpg,Attire
image5215.jpg,Attire
image5137.jpg,misc
image6646.jpg,Attire
image1277.jpg,Decorationandsignage
image2702.jpg,Decorationandsignage
image6586.jpg,Decorationandsignage
image1797.jpg,Attire
image8726.jpg,Decorationandsignage
image2762.jpg,misc
image5019.jpg,Decorationandsignage
image2038.jpg,misc
image6359.jpg,Decorationandsignage
image5734.jpg,Decorationandsignage
image6738.jpg,Decorationandsignage
image9123.jpg,misc
image3595.jpg,Attire
image896.jpg,misc
image119.jpg,Decorationandsignage
image5026.jpg,Decorationandsignage
image7345.jpg,Decorationandsignage
image2505.jpg,Attire
image2233.jpg,misc
image5944.jpg,misc
image5423.jpg,Decorationandsignage
image8147.jpg,Attire
image8440.jpg,Decorationandsignage
image8678.jpg,Attire
image7624.jpg,Decorationandsignage
image2165.jpg,Attire
image4977.jpg,misc
image2730.jpg,Decorationandsignage
image8664.jpg,Decorationandsignage
image7330.jpg,Decorationandsignage
image6851.jpg,Decorationandsignage
image473.jpg,Attire
image8268.jpg,misc
image6266.jpg,Decorationandsignage
image2253.jpg,Decorationandsignage
image3307.jpg,Decorationandsignage
image4245.jpg,Attire
image8389.jpg,Attire
image6634.jpg,Decorationandsignage
image5377.jpg,Attire
image2639.jpg,Decorationandsignage
image9259.jpg,Attire
image7841.jpg,Attire
image5741.jpg,Attire
image3714.jpg,misc
image5044.jpg,Attire
image10182.jpg,Decorationandsignage
image7178.jpg,Decorationandsignage
image8889.jpg,misc
image108.jpg,Decorationandsignage
image1335.jpg,Attire
image3221.jpg,Decorationandsignage
image10053.jpg,Decorationandsignage
image545.jpg,misc
image4877.jpg,Decorationandsignage
image1351.jpg,Attire
image3434.jpg,Attire
image4931.jpg,Decorationandsignage
image9655.jpg,misc
image1163.jpg,Decorationandsignage
image5921.jpg,misc
image218.jpg,Decorationandsignage
image8028.jpg,Attire
image5773.jpg,Decorationandsignage
image2552.jpg,Attire
image6073.jpg,Decorationandsignage
image4128.jpg,Decorationandsignage
image3399.jpg,Decorationandsignage
image8780.jpg,Decorationandsignage
image8288.jpg,Food
image1312.jpg,Attire
image2728.jpg,misc
image5466.jpg,Decorationandsignage
image2891.jpg,Decorationandsignage
image6623.jpg,Attire
image3233.jpg,Food
image8826.jpg,Attire
image3142.jpg,Decorationandsignage
image8528.jpg,Attire
image5032.jpg,Attire
image3166.jpg,Attire
image2711.jpg,Attire
image4056.jpg,Decorationandsignage
image1328.jpg,misc
image100.jpg,Decorationandsignage
image4754.jpg,Decorationandsignage
image4392.jpg,Attire
image4434.jpg,misc
image8856.jpg,Decorationandsignage
image10427.jpg,Attire
image5226.jpg,misc
image8104.jpg,Decorationandsignage
image4724.jpg,Attire
image7633.jpg,misc
image1168.jpg,misc
image4786.jpg,Attire
image8011.jpg,Attire
image8417.jpg,Decorationandsignage
image7090.jpg,Attire
image2742.jpg,Attire
image9836.jpg,misc
image2152.jpg,Decorationandsignage
image9057.jpg,Decorationandsignage
image2445.jpg,Attire
image2440.jpg,Attire
image4770.jpg,Decorationandsignage
image4480.jpg,misc
image10357.jpg,Decorationandsignage
image4556.jpg,misc
image3835.jpg,Decorationandsignage
image10367.jpg,Decorationandsignage
image5435.jpg,Decorationandsignage
image390.jpg,Decorationandsignage
image2666.jpg,Decorationandsignage
image6566.jpg,misc
image7418.jpg,Attire
image7730.jpg,Decorationandsignage
image4740.jpg,Decorationandsignage
image3026.jpg,Attire
image7839.jpg,misc
image8613.jpg,Decorationandsignage
image5270.jpg,Decorationandsignage
image4691.jpg,Decorationandsignage
image5623.jpg,Decorationandsignage
image5711.jpg,Decorationandsignage
image824.jpg,Attire
image8497.jpg,Decorationandsignage
image7446.jpg,Decorationandsignage
image5170.jpg,Attire
image5244.jpg,Attire
image5275.jpg,Attire
image8724.jpg,misc
image9345.jpg,misc
image9404.jpg,Food
image2750.jpg,Decorationandsignage
image1643.jpg,Attire
image1649.jpg,Decorationandsignage
image2932.jpg,Decorationandsignage
image9505.jpg,Decorationandsignage
image7172.jpg,misc
image8711.jpg,Attire
image238.jpg,misc
image143.jpg,Decorationandsignage
image10568.jpg,Attire
image2386.jpg,Attire
image8567.jpg,Decorationandsignage
image6931.jpg,Decorationandsignage
image294.jpg,Decorationandsignage
image1165.jpg,Attire
image5996.jpg,Decorationandsignage
image8948.jpg,Decorationandsignage
image7751.jpg,Decorationandsignage
image7620.jpg,Attire
image2520.jpg,misc
image9887.jpg,Decorationandsignage
image2024.jpg,Food
image6305.jpg,misc
image6000.jpg,Attire
image1994.jpg,misc
image7086.jpg,misc
image10365.jpg,Decorationandsignage
image4311.jpg,Attire
image7338.jpg,misc
image9769.jpg,Decorationandsignage
image571.jpg,misc
image10028.jpg,Decorationandsignage
image4237.jpg,misc
image3728.jpg,Decorationandsignage
image2422.jpg,misc
image9222.jpg,Decorationandsignage
image4393.jpg,Decorationandsignage
image5645.jpg,Decorationandsignage
image8339.jpg,misc
image2410.jpg,Attire
image3248.jpg,misc
image1058.jpg,Attire
image410.jpg,Decorationandsignage
image5468.jpg,Attire
image9085.jpg,Decorationandsignage
image6324.jpg,Decorationandsignage
image3301.jpg,Decorationandsignage
image6908.jpg,Food
image9429.jpg,Attire
image126.jpg,Attire
image9939.jpg,Attire
image6839.jpg,Decorationandsignage
image1501.jpg,Food
image7062.jpg,Decorationandsignage
image5050.jpg,Decorationandsignage
image2184.jpg,Food
image5176.jpg,Attire
image2045.jpg,Attire
image2111.jpg,misc
image10073.jpg,Decorationandsignage
image6191.jpg,misc
image10688.jpg,Decorationandsignage
image3616.jpg,Attire
image3215.jpg,Attire
image7517.jpg,Attire
image8107.jpg,Decorationandsignage
image6257.jpg,Decorationandsignage
image4448.jpg,Decorationandsignage
image3410.jpg,Attire
image7148.jpg,Decorationandsignage
image2910.jpg,Decorationandsignage
image7632.jpg,Attire
image2148.jpg,Decorationandsignage
image8549.jpg,misc
image10294.jpg,Decorationandsignage
image9523.jpg,Decorationandsignage
image6678.jpg,Attire
image8279.jpg,misc
image6021.jpg,Decorationandsignage
image7326.jpg,Attire
image8077.jpg,Decorationandsignage
image206.jpg,Decorationandsignage
image6202.jpg,misc
image2633.jpg,Attire
image4860.jpg,Decorationandsignage
image6264.jpg,Decorationandsignage
image7164.jpg,misc
image5725.jpg,Decorationandsignage
image10224.jpg,Attire
image5592.jpg,Attire
image6236.jpg,Decorationandsignage
image3745.jpg,Decorationandsignage
image8472.jpg,Attire
image2918.jpg,Decorationandsignage
image3357.jpg,Decorationandsignage
image6439.jpg,Decorationandsignage
image5767.jpg,Attire
image6549.jpg,Decorationandsignage
image3250.jpg,Decorationandsignage
image3935.jpg,Decorationandsignage
image4983.jpg,Attire
image9705.jpg,Attire
image7487.jpg,misc
image6766.jpg,misc
image8544.jpg,Decorationandsignage
image1355.jpg,Attire
image5782.jpg,Attire
image1024.jpg,misc
image9109.jpg,Attire
image580.jpg,Decorationandsignage
image3299.jpg,Decorationandsignage
image1432.jpg,Attire
image1926.jpg,misc
image5357.jpg,Decorationandsignage
image1958.jpg,Attire
image8489.jpg,Decorationandsignage
image2764.jpg,Decorationandsignage
image8187.jpg,Attire
image792.jpg,misc
image1231.jpg,Decorationandsignage
image5140.jpg,Attire
image5049.jpg,misc
image9525.jpg,Decorationandsignage
image6431.jpg,Decorationandsignage
image662.jpg,misc
image7324.jpg,misc
image3762.jpg,Attire
image5987.jpg,Decorationandsignage
image7498.jpg,misc
image7539.jpg,Decorationandsignage
image5356.jpg,Attire
image9749.jpg,Decorationandsignage
image9081.jpg,misc
image7545.jpg,Decorationandsignage
image8264.jpg,Decorationandsignage
image3005.jpg,misc
image7182.jpg,Decorationandsignage
image9561.jpg,Attire
image7405.jpg,Decorationandsignage
image3999.jpg,Attire
image3579.jpg,Attire
image2503.jpg,Attire
image3888.jpg,Food
image3032.jpg,Food
image8754.jpg,misc
image2167.jpg,misc
image8681.jpg,Decorationandsignage
image9995.jpg,Decorationandsignage
image8623.jpg,misc
image3335.jpg,Decorationandsignage
image1609.jpg,Food
image1654.jpg,Decorationandsignage
image10477.jpg,Decorationandsignage
image9319.jpg,Attire
image2736.jpg,Attire
image6916.jpg,Attire
image1969.jpg,Attire
image3096.jpg,Attire
image9330.jpg,Attire
image3691.jpg,Decorationandsignage
image9986.jpg,Decorationandsignage
image10469.jpg,Decorationandsignage
image7410.jpg,misc
image7123.jpg,Decorationandsignage
image5482.jpg,Attire
image444.jpg,Decorationandsignage
image4478.jpg,Decorationandsignage
image10889.jpg,Attire
image3289.jpg,Decorationandsignage
image6129.jpg,Decorationandsignage
image631.jpg,Decorationandsignage
image8841.jpg,misc
image8610.jpg,Attire
image3951.jpg,misc
image7868.jpg,misc
image2320.jpg,Decorationandsignage
image10591.jpg,Attire
image6734.jpg,Decorationandsignage
image8205.jpg,Decorationandsignage
image2870.jpg,Decorationandsignage
image7528.jpg,misc
image2359.jpg,Decorationandsignage
image9372.jpg,misc
image1804.jpg,Attire
image10749.jpg,Decorationandsignage
image5862.jpg,Decorationandsignage
image8164.jpg,Attire
image6548.jpg,Decorationandsignage
image5111.jpg,Decorationandsignage
image9745.jpg,Decorationandsignage
image4838.jpg,Decorationandsignage
image1540.jpg,Attire
image10645.jpg,misc
image7847.jpg,misc
image9782.jpg,Decorationandsignage
image9977.jpg,misc
image10634.jpg,Attire
image6498.jpg,misc
image9461.jpg,Attire
image7709.jpg,misc
image7127.jpg,Attire
image9118.jpg,Decorationandsignage
image6170.jpg,Attire
image5245.jpg,misc
image9482.jpg,Decorationandsignage
image7315.jpg,Decorationandsignage
image3491.jpg,Decorationandsignage
image9709.jpg,Decorationandsignage
image2846.jpg,Decorationandsignage
image6733.jpg,Attire
image5460.jpg,Attire
image4043.jpg,Attire
image9533.jpg,misc
image8824.jpg,Decorationandsignage
image4861.jpg,Attire
image9508.jpg,misc
image1556.jpg,Attire
image1049.jpg,Attire
image803.jpg,Attire
image1087.jpg,Attire
image3627.jpg,Attire
image8127.jpg,Attire
image9577.jpg,misc
image10819.jpg,Decorationandsignage
image10230.jpg,misc
image7740.jpg,Attire
image5130.jpg,Attire
image7241.jpg,misc
image6336.jpg,Decorationandsignage
image9105.jpg,misc
image9308.jpg,Decorationandsignage
image6470.jpg,misc
image7951.jpg,Attire
image4766.jpg,Decorationandsignage
image4742.jpg,Decorationandsignage
image938.jpg,Decorationandsignage
image7296.jpg,Attire
image3829.jpg,Decorationandsignage
image3684.jpg,misc
image895.jpg,Decorationandsignage
image226.jpg,Decorationandsignage
image7564.jpg,Decorationandsignage
image10074.jpg,Decorationandsignage
image40.jpg,Attire
image8737.jpg,Decorationandsignage
image3243.jpg,misc
image1553.jpg,Attire
image5822.jpg,misc
image9271.jpg,misc
image488.jpg,Food
image10752.jpg,Attire
image2873.jpg,Attire
image3989.jpg,misc
image2133.jpg,Decorationandsignage
image9481.jpg,misc
image2243.jpg,Decorationandsignage
image1243.jpg,Decorationandsignage
image4775.jpg,Attire
image8600.jpg,Decorationandsignage
image10416.jpg,misc
image710.jpg,Decorationandsignage
image665.jpg,Decorationandsignage
image10772.jpg,Food
image10804.jpg,Attire
image4819.jpg,Attire
image6352.jpg,Decorationandsignage
image7509.jpg,misc
image1035.jpg,Decorationandsignage
image6520.jpg,misc
image3094.jpg,Attire
image1523.jpg,misc
image7944.jpg,Decorationandsignage
image10867.jpg,Attire
image1874.jpg,Decorationandsignage
image5399.jpg,Attire
image8156.jpg,Decorationandsignage
image5854.jpg,Attire
image4342.jpg,Decorationandsignage
image4220.jpg,Decorationandsignage
image10457.jpg,Decorationandsignage
image4401.jpg,Attire
image107.jpg,Decorationandsignage
image6622.jpg,Decorationandsignage
image2423.jpg,Attire
image3511.jpg,Decorationandsignage
image1525.jpg,Attire
image9661.jpg,Decorationandsignage
image4468.jpg,Decorationandsignage
image10261.jpg,misc
image5324.jpg,Attire
image6419.jpg,Attire
image4924.jpg,Attire
image1618.jpg,Decorationandsignage
image10065.jpg,Decorationandsignage
image1359.jpg,misc
image8763.jpg,Attire
image10040.jpg,Attire
image6163.jpg,Attire
image8538.jpg,misc
image5654.jpg,Attire
image6260.jpg,Decorationandsignage
image705.jpg,Decorationandsignage
image3615.jpg,Decorationandsignage
image5427.jpg,misc
image1362.jpg,Decorationandsignage
image10746.jpg,Attire
image6833.jpg,misc
image4008.jpg,Attire
image9729.jpg,misc
image2154.jpg,Decorationandsignage
image10697.jpg,Decorationandsignage
image1267.jpg,misc
image2129.jpg,Decorationandsignage
image7658.jpg,Decorationandsignage
image4867.jpg,Decorationandsignage
image10835.jpg,Attire
image2884.jpg,Decorationandsignage
image9686.jpg,Attire
image10376.jpg,Food
image4225.jpg,misc
image7995.jpg,Decorationandsignage
image5227.jpg,misc
image10737.jpg,Decorationandsignage
image8760.jpg,misc
image176.jpg,Attire
image6094.jpg,misc
image2137.jpg,Decorationandsignage
image411.jpg,misc
image6153.jpg,Attire
image8782.jpg,Decorationandsignage
image10064.jpg,Attire
image2425.jpg,misc
image956.jpg,Decorationandsignage
image394.jpg,Decorationandsignage
image3234.jpg,Decorationandsignage
image9351.jpg,Attire
image1846.jpg,misc
image8517.jpg,Decorationandsignage
image6871.jpg,Attire
image1236.jpg,Attire
image3668.jpg,Decorationandsignage
image8282.jpg,Decorationandsignage
image3353.jpg,misc
image7540.jpg,Decorationandsignage
image7536.jpg,Decorationandsignage
image3055.jpg,Attire
image8874.jpg,misc
image130.jpg,Attire
image4412.jpg,Decorationandsignage
image3830.jpg,Decorationandsignage
image5634.jpg,misc
image9853.jpg,Attire
image8204.jpg,Attire
image6998.jpg,Decorationandsignage
image7927.jpg,Attire
image5152.jpg,misc
image9553.jpg,Decorationandsignage
image10388.jpg,Decorationandsignage
image10670.jpg,Attire
image6193.jpg,Decorationandsignage
image5097.jpg,Decorationandsignage
image8653.jpg,Attire
image154.jpg,Decorationandsignage
image9889.jpg,Attire
image2058.jpg,Attire
image9867.jpg,misc
image10447.jpg,misc
image5045.jpg,Decorationandsignage
image4253.jpg,Decorationandsignage
image8530.jpg,Attire
image2875.jpg,Attire
image8967.jpg,Decorationandsignage
image3196.jpg,Decorationandsignage
image10079.jpg,misc
image3975.jpg,Attire
image6631.jpg,misc
image6016.jpg,Attire
image6791.jpg,Decorationandsignage
image7888.jpg,Decorationandsignage
image4807.jpg,Decorationandsignage
image3777.jpg,Attire
image4712.jpg,misc
image10520.jpg,Attire
image2977.jpg,Decorationandsignage
image7083.jpg,Decorationandsignage
image9343.jpg,Decorationandsignage
image6979.jpg,misc
image386.jpg,Decorationandsignage
image5486.jpg,Decorationandsignage
image5361.jpg,Attire
image8730.jpg,Decorationandsignage
image3023.jpg,Attire
image8584.jpg,misc
image3246.jpg,Attire
image878.jpg,Attire
image10105.jpg,Decorationandsignage
image6619.jpg,Decorationandsignage
image4382.jpg,misc
image7903.jpg,misc
image9589.jpg,Attire
image3961.jpg,Attire
image7659.jpg,Decorationandsignage
image4639.jpg,Attire
image152.jpg,Attire
image9790.jpg,misc
image2354.jpg,misc
image8652.jpg,misc
image5124.jpg,Attire
image8656.jpg,Food
image589.jpg,Attire
image9866.jpg,Decorationandsignage
image9495.jpg,misc
image9966.jpg,Decorationandsignage
image5682.jpg,Decorationandsignage
image8169.jpg,misc
image7768.jpg,Decorationandsignage
image10099.jpg,Decorationandsignage
image1516.jpg,Decorationandsignage
image7198.jpg,misc
image1791.jpg,Decorationandsignage
image1346.jpg,Decorationandsignage
image4073.jpg,Decorationandsignage
image10682.jpg,Decorationandsignage
image22.jpg,Food
image2317.jpg,Decorationandsignage
image3173.jpg,Attire
image8998.jpg,Decorationandsignage
image4183.jpg,Attire
image6984.jpg,Decorationandsignage
image7667.jpg,misc
image6014.jpg,Attire
image2956.jpg,Attire
image2216.jpg,Attire
image5364.jpg,Attire
image4212.jpg,Decorationandsignage
image8604.jpg,Decorationandsignage
image6920.jpg,misc
image5813.jpg,Decorationandsignage
image2953.jpg,Attire
image8358.jpg,misc
image3527.jpg,misc
image2325.jpg,Attire
image8245.jpg,Attire
image1856.jpg,misc
image10406.jpg,misc
image3015.jpg,Attire
image10451.jpg,Decorationandsignage
image7163.jpg,Decorationandsignage
image1565.jpg,misc
image2509.jpg,Decorationandsignage
image3279.jpg,Decorationandsignage
image1103.jpg,Decorationandsignage
image6759.jpg,Food
image3153.jpg,Attire
image7965.jpg,misc
image8039.jpg,Decorationandsignage
image9120.jpg,Decorationandsignage
image5264.jpg,Attire
image8462.jpg,misc
image2344.jpg,Decorationandsignage
image3766.jpg,Attire
image4567.jpg,Attire
image10654.jpg,Attire
image3896.jpg,Decorationandsignage
image9349.jpg,misc
image905.jpg,Decorationandsignage
image3431.jpg,Decorationandsignage
image6929.jpg,Attire
image7400.jpg,Decorationandsignage
image10394.jpg,Decorationandsignage
image7663.jpg,Decorationandsignage
image7199.jpg,misc
image10194.jpg,Food
image7604.jpg,Attire
image4205.jpg,Decorationandsignage
image2400.jpg,Attire
image8397.jpg,misc
image10200.jpg,Attire
image8566.jpg,Decorationandsignage
image6508.jpg,misc
image2722.jpg,Attire
image1962.jpg,Decorationandsignage
image1629.jpg,misc
image10421.jpg,Attire
image3423.jpg,misc
image7482.jpg,Attire
image8299.jpg,Attire
image8003.jpg,Attire
image4093.jpg,Attire
image459.jpg,Decorationandsignage
image9542.jpg,Decorationandsignage
image4506.jpg,Decorationandsignage
image5772.jpg,misc
image4445.jpg,misc
image1223.jpg,Decorationandsignage
image364.jpg,Decorationandsignage
image9549.jpg,Decorationandsignage
image6185.jpg,misc
image9261.jpg,misc
image6039.jpg,Decorationandsignage
image1013.jpg,Decorationandsignage
image8865.jpg,Attire
image10860.jpg,Decorationandsignage
image8708.jpg,misc
image7895.jpg,Decorationandsignage
image10497.jpg,Attire
image7118.jpg,Attire
image7826.jpg,Decorationandsignage
image5135.jpg,Decorationandsignage
image3574.jpg,misc
image9037.jpg,Attire
image4134.jpg,Attire
image7649.jpg,Attire
image7693.jpg,Attire
image9575.jpg,Decorationandsignage
image4231.jpg,Decorationandsignage
image2518.jpg,Decorationandsignage
image5926.jpg,Decorationandsignage
image6272.jpg,Decorationandsignage
image10076.jpg,Decorationandsignage
image4173.jpg,misc
image9333.jpg,Decorationandsignage
image9119.jpg,Decorationandsignage
image3368.jpg,Decorationandsignage
image8482.jpg,misc
image2619.jpg,Attire
image5839.jpg,Decorationandsignage
image6230.jpg,Decorationandsignage
image10618.jpg,Decorationandsignage
image5407.jpg,Decorationandsignage
image9858.jpg,Decorationandsignage
image7040.jpg,Attire
image7805.jpg,Attire
image10604.jpg,Decorationandsignage
image6618.jpg,Attire
image10529.jpg,Decorationandsignage
image156.jpg,Decorationandsignage
image8758.jpg,Attire
image2548.jpg,misc
image255.jpg,Attire
image10452.jpg,misc
image9518.jpg,misc
image3320.jpg,misc
image241.jpg,misc
image8838.jpg,Decorationandsignage
image4431.jpg,Attire
image3411.jpg,Decorationandsignage
image5728.jpg,Decorationandsignage
image209.jpg,Attire
image4223.jpg,misc
image8220.jpg,misc
image6855.jpg,Decorationandsignage
image5674.jpg,misc
image5627.jpg,misc
image5425.jpg,Decorationandsignage
image2479.jpg,Decorationandsignage
image9811.jpg,Attire
image7499.jpg,misc
image1490.jpg,Decorationandsignage
image4913.jpg,misc
image5420.jpg,Decorationandsignage
image6608.jpg,Decorationandsignage
image2690.jpg,Decorationandsignage
image4250.jpg,Decorationandsignage
image9724.jpg,Attire
image6744.jpg,misc
image8956.jpg,Attire
image3721.jpg,Decorationandsignage
image6684.jpg,Decorationandsignage
image6493.jpg,Attire
image10764.jpg,Decorationandsignage
image8700.jpg,Decorationandsignage
image9999.jpg,Decorationandsignage
image4303.jpg,Attire
image3278.jpg,Decorationandsignage
image9721.jpg,Decorationandsignage
image808.jpg,Attire
image6294.jpg,Decorationandsignage
image4597.jpg,Decorationandsignage
image564.jpg,Decorationandsignage
image6792.jpg,misc
image4781.jpg,Decorationandsignage
image6526.jpg,Decorationandsignage
image4340.jpg,Decorationandsignage
image3561.jpg,Decorationandsignage
image3058.jpg,misc
image10062.jpg,misc
image4034.jpg,Decorationandsignage
image6095.jpg,misc
image8629.jpg,Attire
image2130.jpg,Attire
image1492.jpg,Decorationandsignage
image5677.jpg,misc
image6784.jpg,Attire
image2368.jpg,Decorationandsignage
image7699.jpg,Decorationandsignage
image6793.jpg,Attire
image5143.jpg,misc
image9049.jpg,Decorationandsignage
image2919.jpg,Decorationandsignage
image5299.jpg,Attire
image9036.jpg,Food
image10051.jpg,Decorationandsignage
image5596.jpg,misc
image3734.jpg,Attire
image3329.jpg,Attire
image1788.jpg,Decorationandsignage
image5577.jpg,Attire
image10249.jpg,Decorationandsignage
image10505.jpg,Attire
image1478.jpg,Attire
image3720.jpg,Decorationandsignage
image2665.jpg,Decorationandsignage
image6083.jpg,misc
image6877.jpg,Decorationandsignage
image1077.jpg,Attire
image5041.jpg,Decorationandsignage
image10624.jpg,Attire
image7808.jpg,Decorationandsignage
image5123.jpg,misc
image4625.jpg,misc
image1822.jpg,misc
image3150.jpg,misc
image9269.jpg,misc
image1576.jpg,misc
image1250.jpg,misc
image4152.jpg,Decorationandsignage
image4547.jpg,Decorationandsignage
image4900.jpg,Decorationandsignage
image9547.jpg,misc
image132.jpg,Decorationandsignage
image4038.jpg,misc
image10671.jpg,Attire
image2544.jpg,Attire
image2814.jpg,misc
image1644.jpg,Decorationandsignage
image5411.jpg,misc
image5107.jpg,Decorationandsignage
image4654.jpg,Decorationandsignage
image7957.jpg,Decorationandsignage
image323.jpg,Decorationandsignage
image7029.jpg,Decorationandsignage
image4704.jpg,Decorationandsignage
image4323.jpg,Decorationandsignage
image7892.jpg,Attire
image7631.jpg,misc
image8110.jpg,misc
image10524.jpg,Attire
image4863.jpg,misc
image6789.jpg,Attire
image5084.jpg,Attire
image8094.jpg,Attire
image4475.jpg,misc
image5555.jpg,misc
image9127.jpg,Decorationandsignage
image7485.jpg,misc
image7685.jpg,Attire
image5171.jpg,Attire
image3964.jpg,Attire
image4381.jpg,Food
image6702.jpg,Decorationandsignage
image4596.jpg,Decorationandsignage
image6212.jpg,Attire
image4160.jpg,Decorationandsignage
image5169.jpg,Decorationandsignage
image10050.jpg,Attire
image7989.jpg,Decorationandsignage
image8864.jpg,Decorationandsignage
image10379.jpg,Attire
image6423.jpg,Decorationandsignage
image8017.jpg,Attire
image5250.jpg,Decorationandsignage
image9448.jpg,Attire
image1993.jpg,misc
image9183.jpg,misc
image8790.jpg,misc
image7646.jpg,Attire
image3661.jpg,Decorationandsignage
image2430.jpg,Decorationandsignage
image6267.jpg,Decorationandsignage
image9780.jpg,Decorationandsignage
image1552.jpg,misc
image10643.jpg,Decorationandsignage
image3494.jpg,Attire
image4782.jpg,Attire
image8327.jpg,Attire
image7793.jpg,Decorationandsignage
image4986.jpg,Decorationandsignage
image951.jpg,Attire
image2634.jpg,Attire
image5876.jpg,Attire
image2096.jpg,misc
image5030.jpg,Decorationandsignage
image3228.jpg,misc
image9341.jpg,Attire
image4767.jpg,Attire
image2333.jpg,Attire
image3560.jpg,Attire
image9462.jpg,Decorationandsignage
image8800.jpg,Decorationandsignage
image9881.jpg,Decorationandsignage
image5271.jpg,Attire
image2467.jpg,Decorationandsignage
image6020.jpg,Food
image3652.jpg,Decorationandsignage
image3270.jpg,Decorationandsignage
image9029.jpg,Attire
image689.jpg,Decorationandsignage
image9989.jpg,Decorationandsignage
image2280.jpg,Decorationandsignage
image6513.jpg,Food
image8988.jpg,Decorationandsignage
image3388.jpg,Attire
image6666.jpg,Attire
image9193.jpg,Attire
image7154.jpg,Attire
image4135.jpg,Decorationandsignage
image846.jpg,Decorationandsignage
image10590.jpg,Decorationandsignage
image3895.jpg,Decorationandsignage
image8427.jpg,Decorationandsignage
image5541.jpg,Decorationandsignage
image10407.jpg,Attire
image7403.jpg,misc
image3014.jpg,Attire
image7791.jpg,misc
image4640.jpg,Food
image6079.jpg,Decorationandsignage
image5737.jpg,Decorationandsignage
image8490.jpg,Attire
image6009.jpg,Decorationandsignage
image10246.jpg,misc
image2281.jpg,Attire
image6138.jpg,misc
image10340.jpg,Attire
image8342.jpg,Decorationandsignage
image8422.jpg,Attire
image2989.jpg,Decorationandsignage
image9767.jpg,Decorationandsignage
image10300.jpg,Decorationandsignage
image8468.jpg,Decorationandsignage
image2278.jpg,misc
image10760.jpg,Decorationandsignage
image7289.jpg,Decorationandsignage
image8333.jpg,misc
image1449.jpg,Attire
image1985.jpg,Decorationandsignage
image10319.jpg,Decorationandsignage
image3872.jpg,misc
image1768.jpg,Decorationandsignage
image4906.jpg,Decorationandsignage
image1815.jpg,Decorationandsignage
image6890.jpg,Decorationandsignage
image3216.jpg,Decorationandsignage
image6858.jpg,Decorationandsignage
image3239.jpg,Decorationandsignage
image9774.jpg,Attire
image5729.jpg,Attire
image953.jpg,Decorationandsignage
image5433.jpg,Decorationandsignage
image3864.jpg,Decorationandsignage
image1775.jpg,Attire
image1306.jpg,Attire
image9806.jpg,Attire
image2772.jpg,Attire
image9175.jpg,Decorationandsignage
image1477.jpg,Attire
image10102.jpg,Attire
image6880.jpg,Decorationandsignage
image10537.jpg,misc
image8660.jpg,Decorationandsignage
image9791.jpg,Decorationandsignage
image4440.jpg,Attire
image6232.jpg,Decorationandsignage
image3092.jpg,Attire
image8087.jpg,Attire
image490.jpg,misc
image10103.jpg,misc
image6903.jpg,Decorationandsignage
image5927.jpg,Decorationandsignage
image10001.jpg,Decorationandsignage
image6510.jpg,misc
image8930.jpg,misc
image548.jpg,misc
image10252.jpg,Decorationandsignage
image9407.jpg,misc
image7420.jpg,Attire
image8016.jpg,Attire
image6142.jpg,Decorationandsignage
image7195.jpg,Decorationandsignage
image7208.jpg,Decorationandsignage
image1050.jpg,Decorationandsignage
image5177.jpg,misc
image9923.jpg,Decorationandsignage
image759.jpg,Decorationandsignage
image5149.jpg,Attire
image5648.jpg,misc
image7399.jpg,Decorationandsignage
image5969.jpg,Decorationandsignage
image9436.jpg,Decorationandsignage
image10871.jpg,misc
image6762.jpg,Attire
image10622.jpg,Decorationandsignage
image3867.jpg,Attire
image8785.jpg,Decorationandsignage
image1118.jpg,Attire
image2507.jpg,Decorationandsignage
image8267.jpg,misc
image3176.jpg,Decorationandsignage
image964.jpg,Attire
image1662.jpg,misc
image9004.jpg,Attire
image3086.jpg,misc
image1943.jpg,misc
image2995.jpg,misc
image6807.jpg,Decorationandsignage
image3776.jpg,Decorationandsignage
image3429.jpg,Decorationandsignage
image10846.jpg,Decorationandsignage
image7873.jpg,Decorationandsignage
image2834.jpg,misc
image3426.jpg,misc
image2653.jpg,Attire
image1650.jpg,Decorationandsignage
image7437.jpg,Decorationandsignage
image1054.jpg,Decorationandsignage
image4373.jpg,misc
image8090.jpg,Attire
image6912.jpg,misc
image7516.jpg,Attire
image10725.jpg,Food
image1391.jpg,misc
image5476.jpg,misc
image1886.jpg,Decorationandsignage
image10324.jpg,Decorationandsignage
image6864.jpg,Attire
image6671.jpg,misc
image5880.jpg,Attire
image7752.jpg,Attire
image7736.jpg,misc
image197.jpg,Decorationandsignage
image4330.jpg,Attire
image10721.jpg,Decorationandsignage
image8525.jpg,Decorationandsignage
image8572.jpg,Decorationandsignage
image8136.jpg,misc
image7193.jpg,Attire
image2217.jpg,Decorationandsignage
image5181.jpg,Decorationandsignage
image10740.jpg,misc
image452.jpg,Decorationandsignage
image8027.jpg,Decorationandsignage
image10607.jpg,Food
image4666.jpg,Attire
image1342.jpg,misc
image6124.jpg,misc
image7992.jpg,Decorationandsignage
image636.jpg,misc
image10370.jpg,misc
image5182.jpg,misc
image6613.jpg,Decorationandsignage
image9805.jpg,Decorationandsignage
image4063.jpg,Decorationandsignage
image7963.jpg,misc
image4100.jpg,Decorationandsignage
image2960.jpg,Decorationandsignage
image10461.jpg,Attire
image7812.jpg,misc
image4054.jpg,Decorationandsignage
image6820.jpg,Attire
image8917.jpg,misc
image3798.jpg,Attire
image7440.jpg,Decorationandsignage
image6278.jpg,Decorationandsignage
image8053.jpg,Decorationandsignage
image4772.jpg,Decorationandsignage
image7287.jpg,Decorationandsignage
image10146.jpg,Decorationandsignage
image8625.jpg,Decorationandsignage
image10082.jpg,Attire
image8439.jpg,Decorationandsignage
image9562.jpg,misc
image6517.jpg,misc
image5272.jpg,Decorationandsignage
image5638.jpg,misc
image314.jpg,Decorationandsignage
image8827.jpg,Attire
image2220.jpg,Attire
image8201.jpg,Attire
image10049.jpg,Decorationandsignage
image4057.jpg,misc
image1897.jpg,Decorationandsignage
image1079.jpg,misc
image10302.jpg,Attire
image2118.jpg,Attire
image7417.jpg,Attire
image9808.jpg,Attire
image8086.jpg,misc
image5310.jpg,Attire
image6629.jpg,Food
image3192.jpg,Decorationandsignage
image7599.jpg,misc
image6614.jpg,Attire
image8175.jpg,Decorationandsignage
image7295.jpg,Decorationandsignage
image2815.jpg,misc
image4181.jpg,misc
image8723.jpg,misc
image4456.jpg,Attire
image10789.jpg,Decorationandsignage
image1248.jpg,Decorationandsignage
image10541.jpg,Attire
image9753.jpg,Attire
image10426.jpg,Decorationandsignage
image743.jpg,misc
image6239.jpg,Attire
image3112.jpg,Decorationandsignage
image9936.jpg,Attire
image4800.jpg,misc
image6521.jpg,Decorationandsignage
image9599.jpg,Decorationandsignage
image9885.jpg,Decorationandsignage
image10474.jpg,misc
image2510.jpg,Attire
image4853.jpg,Decorationandsignage
image8059.jpg,Decorationandsignage
image7431.jpg,Decorationandsignage
image4919.jpg,Decorationandsignage
image6992.jpg,Decorationandsignage
image2497.jpg,misc
image5935.jpg,Decorationandsignage
image712.jpg,misc
image518.jpg,Attire
image4851.jpg,misc
image10648.jpg,Attire
image5198.jpg,Attire
image7886.jpg,Attire
image5246.jpg,Decorationandsignage
image8612.jpg,Decorationandsignage
image1466.jpg,Decorationandsignage
image1258.jpg,Attire
image5637.jpg,Decorationandsignage
image6048.jpg,Decorationandsignage
image9090.jpg,Food
image10183.jpg,Attire
image1580.jpg,Attire
image10420.jpg,Decorationandsignage
image9097.jpg,misc
image9524.jpg,misc
image7416.jpg,Decorationandsignage
image3272.jpg,Decorationandsignage
image2493.jpg,Decorationandsignage
image9719.jpg,Decorationandsignage
image8690.jpg,Attire
image4677.jpg,misc
image7355.jpg,Decorationandsignage
image3463.jpg,misc
image10755.jpg,Decorationandsignage
image10718.jpg,Decorationandsignage
image10616.jpg,Decorationandsignage
image568.jpg,Attire
image4019.jpg,Decorationandsignage
image1238.jpg,Decorationandsignage
image4264.jpg,Decorationandsignage
image6398.jpg,Attire
image4907.jpg,Decorationandsignage
image6428.jpg,Decorationandsignage
image1591.jpg,Decorationandsignage
image3812.jpg,Food
image10695.jpg,Decorationandsignage
image3724.jpg,misc
image4752.jpg,Decorationandsignage
image8885.jpg,Decorationandsignage
image10354.jpg,Attire
image10617.jpg,Attire
image3859.jpg,Decorationandsignage
image8251.jpg,Decorationandsignage
image8981.jpg,misc
image503.jpg,misc
image10014.jpg,Attire
image8328.jpg,Decorationandsignage
image8607.jpg,Attire
image9683.jpg,Decorationandsignage
image2442.jpg,misc
image7572.jpg,Decorationandsignage
image117.jpg,Decorationandsignage
image8101.jpg,Attire
image9224.jpg,Decorationandsignage
image6972.jpg,Attire
image8537.jpg,Decorationandsignage
image6691.jpg,Attire
image10731.jpg,Attire
image2376.jpg,Decorationandsignage
image4972.jpg,Decorationandsignage
image9432.jpg,Decorationandsignage
image6810.jpg,Decorationandsignage
image9517.jpg,Decorationandsignage
image8452.jpg,Decorationandsignage
image5787.jpg,Attire
image8577.jpg,Decorationandsignage
image5417.jpg,Attire
image5249.jpg,Decorationandsignage
image1990.jpg,Attire
image5279.jpg,Decorationandsignage
image3079.jpg,Attire
image8765.jpg,Decorationandsignage
image3387.jpg,Attire
image3481.jpg,Attire
image3565.jpg,Attire
image6456.jpg,Attire
image6654.jpg,Decorationandsignage
image3739.jpg,Decorationandsignage
image9283.jpg,Attire
image6958.jpg,misc
image5591.jpg,Decorationandsignage
image1262.jpg,Decorationandsignage
image8500.jpg,Attire
image6647.jpg,misc
image5612.jpg,Attire
image5900.jpg,Decorationandsignage
image375.jpg,Decorationandsignage
image5157.jpg,Decorationandsignage
image10207.jpg,misc
image5082.jpg,Decorationandsignage
image3427.jpg,Attire
image5099.jpg,Decorationandsignage
image6465.jpg,Attire
image10031.jpg,Decorationandsignage
image9005.jpg,Attire
image8362.jpg,Attire
image2579.jpg,Decorationandsignage
image2700.jpg,Decorationandsignage
image4890.jpg,Attire
image6221.jpg,misc
image3391.jpg,Decorationandsignage
image4123.jpg,misc
image54.jpg,Attire
image2363.jpg,Attire
image5713.jpg,misc
image4532.jpg,Decorationandsignage
image3945.jpg,Attire
image5799.jpg,Decorationandsignage
image4627.jpg,Decorationandsignage
image303.jpg,Decorationandsignage
image9788.jpg,Decorationandsignage
image10275.jpg,misc
image4769.jpg,Decorationandsignage
image8784.jpg,misc
image1855.jpg,Decorationandsignage
image7782.jpg,Attire
image10163.jpg,Decorationandsignage
image7588.jpg,Attire
image8202.jpg,Attire
image8715.jpg,Decorationandsignage
image8233.jpg,Decorationandsignage
image6516.jpg,Decorationandsignage
image832.jpg,Food
image995.jpg,misc
image5432.jpg,Decorationandsignage
image9478.jpg,misc
image9755.jpg,Attire
image6224.jpg,Attire
image7765.jpg,Attire
image3377.jpg,Decorationandsignage
image7606.jpg,Decorationandsignage
image4268.jpg,Decorationandsignage
image7170.jpg,Attire
image2039.jpg,misc
image7386.jpg,Decorationandsignage
image1111.jpg,misc
image8317.jpg,Attire
image10052.jpg,misc
image3562.jpg,Attire
image6322.jpg,Decorationandsignage
image6578.jpg,Decorationandsignage
image6859.jpg,Attire
image6482.jpg,Attire
image2850.jpg,misc
image7943.jpg,misc
image9202.jpg,misc
image8054.jpg,Attire
image2983.jpg,Decorationandsignage
image5382.jpg,Decorationandsignage
image9743.jpg,Decorationandsignage
image4736.jpg,misc
image4719.jpg,Decorationandsignage
image5189.jpg,Attire
image7000.jpg,misc
image4040.jpg,Attire
image4363.jpg,Decorationandsignage
image2256.jpg,Decorationandsignage
image4917.jpg,Decorationandsignage
image4911.jpg,Attire
image2504.jpg,Decorationandsignage
image502.jpg,Decorationandsignage
image9659.jpg,Attire
image7803.jpg,misc
image9058.jpg,misc
image3354.jpg,Attire
image4169.jpg,Decorationandsignage
image4854.jpg,Decorationandsignage
image8419.jpg,Attire
image9280.jpg,Attire
image3496.jpg,Decorationandsignage
image7436.jpg,Decorationandsignage
image6562.jpg,Decorationandsignage
image1496.jpg,Attire
image8257.jpg,misc
image9698.jpg,Decorationandsignage
image9864.jpg,misc
image1181.jpg,Decorationandsignage
image8311.jpg,Attire
image5424.jpg,Attire
image9113.jpg,Decorationandsignage
image4939.jpg,Decorationandsignage
image5003.jpg,Decorationandsignage
image8968.jpg,Decorationandsignage
image6640.jpg,misc
image5970.jpg,Decorationandsignage
image1195.jpg,Attire
image244.jpg,Decorationandsignage
image7954.jpg,misc
image5587.jpg,misc
image4299.jpg,Decorationandsignage
image658.jpg,Attire
image9467.jpg,Decorationandsignage
image9772.jpg,Attire
image8067.jpg,Attire
image7996.jpg,Decorationandsignage
image965.jpg,Attire
image7821.jpg,misc
image7511.jpg,Attire
image3839.jpg,misc
image563.jpg,Attire
image8603.jpg,Decorationandsignage
image7430.jpg,misc
image10484.jpg,misc
image6068.jpg,Decorationandsignage
image4692.jpg,misc
image8271.jpg,Attire
image8957.jpg,Decorationandsignage
image6488.jpg,misc
image5015.jpg,misc
image6854.jpg,misc
image6350.jpg,Attire
image8622.jpg,Attire
image7157.jpg,Attire
image8641.jpg,Decorationandsignage
image2934.jpg,Decorationandsignage
image10632.jpg,Decorationandsignage
image1356.jpg,Decorationandsignage
image4678.jpg,Decorationandsignage
image4274.jpg,misc
image109.jpg,Attire
image8803.jpg,Decorationandsignage
image8381.jpg,misc
image5770.jpg,Attire
image9862.jpg,misc
image3970.jpg,Attire
image5150.jpg,Attire
image8347.jpg,Food
image6994.jpg,Food
image4732.jpg,Decorationandsignage
image5579.jpg,Decorationandsignage
image6969.jpg,misc
image10222.jpg,misc
image2052.jpg,Attire
image8428.jpg,Attire
image75.jpg,Attire
image10094.jpg,Decorationandsignage
image5565.jpg,misc
image7414.jpg,Decorationandsignage
image2682.jpg,Attire
image4884.jpg,Attire
image5641.jpg,Decorationandsignage
image8775.jpg,Decorationandsignage
image10586.jpg,Attire
image9639.jpg,Attire
image10558.jpg,misc
image4682.jpg,Decorationandsignage
image3245.jpg,Decorationandsignage
image9177.jpg,Decorationandsignage
image6097.jpg,Attire
image2365.jpg,Decorationandsignage
image2974.jpg,Decorationandsignage
image7640.jpg,Decorationandsignage
image4699.jpg,Attire
image3097.jpg,Decorationandsignage
image9604.jpg,Attire
image10397.jpg,Attire
image5538.jpg,misc
image6246.jpg,Attire
image4259.jpg,Decorationandsignage
image480.jpg,Decorationandsignage
image8055.jpg,Attire
image9250.jpg,Attire
image4846.jpg,Attire
image339.jpg,Decorationandsignage
image3740.jpg,Decorationandsignage
image1480.jpg,Attire
image1209.jpg,Decorationandsignage
image8239.jpg,Attire
image4949.jpg,misc
image4564.jpg,Attire
image1429.jpg,Food
image8300.jpg,Attire
image6019.jpg,misc
image5605.jpg,Attire
image9422.jpg,Attire
image4293.jpg,misc
image3136.jpg,Food
image5511.jpg,Decorationandsignage
image10056.jpg,Attire
image7117.jpg,Attire
image63.jpg,Decorationandsignage
image423.jpg,Attire
image7753.jpg,misc
image5858.jpg,Attire
image9920.jpg,misc
image5295.jpg,Decorationandsignage
image2511.jpg,Decorationandsignage
image5038.jpg,Attire
image461.jpg,Decorationandsignage
image3575.jpg,misc
image10098.jpg,misc
image10519.jpg,misc
image9665.jpg,Attire
image10157.jpg,Decorationandsignage
image8912.jpg,misc
image10650.jpg,Decorationandsignage
image1695.jpg,Attire
image7519.jpg,Decorationandsignage
image7026.jpg,misc
image9145.jpg,Attire
image6286.jpg,Decorationandsignage
image6006.jpg,Decorationandsignage
image10579.jpg,Attire
image994.jpg,Attire
image1303.jpg,misc
image5706.jpg,Food
image6512.jpg,Attire
image5475.jpg,Decorationandsignage
image3211.jpg,misc
image5868.jpg,Attire
image6985.jpg,Attire
image8764.jpg,Decorationandsignage
image4903.jpg,Attire
image175.jpg,Decorationandsignage
image5283.jpg,Attire
image5668.jpg,Attire
image9551.jpg,Decorationandsignage
image10813.jpg,Decorationandsignage
image7294.jpg,Attire
image6672.jpg,Decorationandsignage
image6818.jpg,Decorationandsignage
image10837.jpg,Attire
image8373.jpg,Attire
image6347.jpg,Attire
image5077.jpg,Food
image122.jpg,Attire
image3425.jpg,Decorationandsignage
image4127.jpg,Decorationandsignage
image4585.jpg,Attire
image6591.jpg,Food
image6648.jpg,misc
image4886.jpg,Attire
image7222.jpg,Attire
image8506.jpg,Attire
image6483.jpg,Attire
image3362.jpg,Attire
image1215.jpg,Food
image8650.jpg,Decorationandsignage
image4017.jpg,Decorationandsignage
image722.jpg,misc
image4955.jpg,Decorationandsignage
image9206.jpg,Decorationandsignage
image4546.jpg,Attire
image9975.jpg,Attire
image2774.jpg,Decorationandsignage
image8070.jpg,Decorationandsignage
image9480.jpg,Decorationandsignage
image4355.jpg,Attire
image9207.jpg,misc
image1692.jpg,misc
image5335.jpg,misc
image7548.jpg,Attire
image10459.jpg,Attire
image8277.jpg,Decorationandsignage
image5732.jpg,Decorationandsignage
image4805.jpg,Attire
image4460.jpg,misc
image3356.jpg,Decorationandsignage
image5873.jpg,misc
image10653.jpg,Decorationandsignage
image5872.jpg,Decorationandsignage
image2708.jpg,Attire
image7141.jpg,Decorationandsignage
image6200.jpg,Decorationandsignage
image7110.jpg,Attire
image9759.jpg,Attire
image1813.jpg,misc
image6353.jpg,misc
image484.jpg,Decorationandsignage
image7537.jpg,misc
image2238.jpg,Attire
image2297.jpg,misc
image4421.jpg,Decorationandsignage
image3765.jpg,Attire
image5008.jpg,Decorationandsignage
image10077.jpg,Attire
image9069.jpg,misc
image9273.jpg,misc
image7135.jpg,misc
image1206.jpg,Attire
image5236.jpg,misc
image10832.jpg,misc
image3554.jpg,misc
image10637.jpg,Decorationandsignage
image5470.jpg,Decorationandsignage
image6443.jpg,Decorationandsignage
image1948.jpg,Decorationandsignage
image3897.jpg,Decorationandsignage
image5692.jpg,Decorationandsignage
image4970.jpg,Decorationandsignage
image7597.jpg,Decorationandsignage
image2194.jpg,Food
image9576.jpg,Attire
image8761.jpg,misc
image7081.jpg,misc
image6330.jpg,Decorationandsignage
image5704.jpg,misc
image9234.jpg,misc
image9647.jpg,Decorationandsignage
image9107.jpg,Food
image1098.jpg,Decorationandsignage
image5330.jpg,Decorationandsignage
image2159.jpg,Attire
image7105.jpg,Decorationandsignage
image365.jpg,misc
image7160.jpg,misc
image8465.jpg,Attire
image4125.jpg,misc
image6556.jpg,misc
image9458.jpg,misc
image6148.jpg,Decorationandsignage
image10521.jpg,Decorationandsignage
image1938.jpg,Decorationandsignage
image4601.jpg,Decorationandsignage
image721.jpg,Decorationandsignage
image7060.jpg,misc
image4252.jpg,Attire
image3871.jpg,Decorationandsignage
image6495.jpg,Attire
image7862.jpg,Decorationandsignage
image4929.jpg,Decorationandsignage
image6271.jpg,Decorationandsignage
image297.jpg,Attire
image10444.jpg,Decorationandsignage
image6120.jpg,Attire
image6491.jpg,Decorationandsignage
image6927.jpg,Decorationandsignage
image837.jpg,misc
image8938.jpg,Decorationandsignage
image6165.jpg,Decorationandsignage
image2155.jpg,Decorationandsignage
image552.jpg,Decorationandsignage
image4059.jpg,Attire
image5672.jpg,misc
image4510.jpg,Decorationandsignage
image8901.jpg,Decorationandsignage
image10456.jpg,Decorationandsignage
image7301.jpg,misc
image7717.jpg,misc
image4821.jpg,Decorationandsignage
image409.jpg,misc
image6201.jpg,misc
image9143.jpg,misc
image3813.jpg,Attire
image4675.jpg,Decorationandsignage
image3538.jpg,misc
image1124.jpg,Attire
image10044.jpg,Decorationandsignage
image8667.jpg,Decorationandsignage
image914.jpg,Attire
image9334.jpg,Attire
image133.jpg,Attire
image8941.jpg,Decorationandsignage
image6706.jpg,misc
image10039.jpg,Decorationandsignage
image8952.jpg,Decorationandsignage
image5421.jpg,Decorationandsignage
image4459.jpg,Attire
image9199.jpg,Attire
image1333.jpg,Attire
image6111.jpg,Food
image7380.jpg,Attire
image8772.jpg,Food
image5326.jpg,Decorationandsignage
image10417.jpg,Decorationandsignage
image5835.jpg,misc
image494.jpg,Attire
image7761.jpg,Decorationandsignage
image7255.jpg,Attire
image5455.jpg,Attire
image8543.jpg,misc
image8030.jpg,Attire
image2608.jpg,Decorationandsignage
image1573.jpg,Attire
image1137.jpg,Decorationandsignage
image871.jpg,misc
image1665.jpg,Decorationandsignage
image926.jpg,Decorationandsignage
image1074.jpg,misc
image284.jpg,misc
image8573.jpg,Food
image1570.jpg,Decorationandsignage
image4901.jpg,Decorationandsignage
image6511.jpg,Decorationandsignage
image7143.jpg,Decorationandsignage
image8241.jpg,Attire
image403.jpg,Attire
image1927.jpg,Food
image9332.jpg,Decorationandsignage
image6379.jpg,Attire
image7442.jpg,misc
image8965.jpg,Decorationandsignage
image2064.jpg,misc
image5325.jpg,Decorationandsignage
image3922.jpg,misc
image8828.jpg,misc
image10829.jpg,misc
image10240.jpg,Decorationandsignage
image9242.jpg,misc
image4746.jpg,Attire
image8269.jpg,misc
image4583.jpg,Decorationandsignage
image239.jpg,Attire
image8115.jpg,Attire
image10093.jpg,misc
image10877.jpg,Decorationandsignage
image3340.jpg,misc
image7460.jpg,Food
image9876.jpg,misc
image7325.jpg,Decorationandsignage
image4147.jpg,Attire
image3939.jpg,Decorationandsignage
image2207.jpg,Decorationandsignage
image4387.jpg,Decorationandsignage
image1092.jpg,Decorationandsignage
image9760.jpg,misc
image8739.jpg,Decorationandsignage
image4835.jpg,Decorationandsignage
image4804.jpg,Food
image9064.jpg,misc
image5574.jpg,misc
image10206.jpg,misc
image7952.jpg,Decorationandsignage
image6187.jpg,Decorationandsignage
image8493.jpg,Decorationandsignage
image3235.jpg,misc
image10876.jpg,misc
image5467.jpg,Attire
image10613.jpg,Decorationandsignage
image5932.jpg,Decorationandsignage
image7872.jpg,Attire
image3025.jpg,Decorationandsignage
image8064.jpg,misc
image3348.jpg,Attire
image1452.jpg,Decorationandsignage
image2237.jpg,Decorationandsignage
image252.jpg,Decorationandsignage
image3417.jpg,Decorationandsignage
image10250.jpg,Attire
image4590.jpg,Decorationandsignage
image8503.jpg,misc
image6065.jpg,misc
image7501.jpg,Attire
image9783.jpg,Decorationandsignage
image1259.jpg,misc
image8947.jpg,Decorationandsignage
image10430.jpg,Decorationandsignage
image7318.jpg,misc
image7411.jpg,Decorationandsignage
image8794.jpg,Decorationandsignage
image6822.jpg,Attire
image6033.jpg,Decorationandsignage
image4837.jpg,misc
image10271.jpg,Decorationandsignage
image9829.jpg,Decorationandsignage
image4362.jpg,Attire
image76.jpg,Attire
image7129.jpg,Decorationandsignage
image5765.jpg,Decorationandsignage
image5398.jpg,Attire
image10170.jpg,misc
image6269.jpg,Decorationandsignage
image7534.jpg,Attire
image9744.jpg,Attire
image7098.jpg,misc
image9915.jpg,Decorationandsignage
image9089.jpg,Decorationandsignage
image5691.jpg,Attire
image6297.jpg,Decorationandsignage
image4477.jpg,Decorationandsignage
image4013.jpg,Decorationandsignage
image5520.jpg,misc
image3529.jpg,misc
image6067.jpg,misc
image1198.jpg,Decorationandsignage
image3081.jpg,Decorationandsignage
image9347.jpg,Food
image8831.jpg,Decorationandsignage
image6026.jpg,Attire
image6925.jpg,Decorationandsignage
image10084.jpg,misc
image6558.jpg,misc
image7672.jpg,Decorationandsignage
image1534.jpg,Decorationandsignage
image1471.jpg,Attire
image7512.jpg,Decorationandsignage
image9612.jpg,Decorationandsignage
image6729.jpg,Attire
image4067.jpg,misc
image3738.jpg,Attire
image1774.jpg,Attire
image5673.jpg,misc
image8276.jpg,Food
image2984.jpg,Attire
image770.jpg,Decorationandsignage
image7344.jpg,misc
image8102.jpg,Attire
image7850.jpg,Decorationandsignage
image989.jpg,Attire
image6758.jpg,Decorationandsignage
image7934.jpg,Food
image7220.jpg,Decorationandsignage
image4010.jpg,misc
image5488.jpg,Decorationandsignage
image7275.jpg,misc
image10831.jpg,Attire
image4325.jpg,misc
image2323.jpg,Decorationandsignage
image10664.jpg,misc
image8149.jpg,Decorationandsignage
image8478.jpg,Decorationandsignage
image3326.jpg,Decorationandsignage
image9688.jpg,Attire
image5392.jpg,misc
image4607.jpg,Attire
image7535.jpg,Decorationandsignage
image9419.jpg,Decorationandsignage
image1721.jpg,misc
image8927.jpg,Decorationandsignage
image6448.jpg,misc
image9770.jpg,Attire
image5439.jpg,Attire
image5408.jpg,Decorationandsignage
image3642.jpg,Food
image7024.jpg,Decorationandsignage
image2441.jpg,Attire
image1915.jpg,Decorationandsignage
image5843.jpg,Attire
image4751.jpg,Decorationandsignage
image6109.jpg,Attire
image4046.jpg,Decorationandsignage
image818.jpg,misc
image1906.jpg,misc
image4718.jpg,Decorationandsignage
image1624.jpg,Decorationandsignage
image2751.jpg,Decorationandsignage
image2550.jpg,Decorationandsignage
image6579.jpg,misc
image9490.jpg,Decorationandsignage
image371.jpg,Decorationandsignage
image7068.jpg,Attire
image10567.jpg,Decorationandsignage
image347.jpg,Decorationandsignage
image9792.jpg,Attire
image6210.jpg,Decorationandsignage
image6207.jpg,Decorationandsignage
image4214.jpg,Food
image4151.jpg,misc
image1756.jpg,Decorationandsignage
image7916.jpg,Decorationandsignage
image2242.jpg,Attire
image1558.jpg,Attire
image8740.jpg,Decorationandsignage
image2621.jpg,Decorationandsignage
image7860.jpg,Decorationandsignage
image4771.jpg,Attire
image1696.jpg,Decorationandsignage
image3586.jpg,misc
image4053.jpg,misc
image6690.jpg,Decorationandsignage
image4721.jpg,Attire
image7048.jpg,Decorationandsignage
image9928.jpg,misc
image6636.jpg,misc
image7283.jpg,Attire
image1146.jpg,misc
image6543.jpg,Attire
image3709.jpg,misc
image1430.jpg,Food
image8321.jpg,Decorationandsignage
image8165.jpg,Decorationandsignage
image7523.jpg,Decorationandsignage
image10269.jpg,Decorationandsignage
image7738.jpg,Attire
image10481.jpg,Attire
image7188.jpg,Attire
image10598.jpg,Decorationandsignage
image8545.jpg,Decorationandsignage
image2116.jpg,Attire
image2833.jpg,misc
image4315.jpg,Decorationandsignage
image8619.jpg,Decorationandsignage
image3147.jpg,misc
image10133.jpg,misc
image6831.jpg,Attire
image3117.jpg,Attire
image2035.jpg,Attire
image5042.jpg,misc
image9802.jpg,Attire
image3052.jpg,Attire
image4018.jpg,Decorationandsignage
image1562.jpg,Decorationandsignage
image10743.jpg,misc
image6088.jpg,Decorationandsignage
image10765.jpg,Attire
image8099.jpg,Attire
image7217.jpg,Decorationandsignage
image10542.jpg,Decorationandsignage
image1055.jpg,Decorationandsignage
image6620.jpg,Attire
image7549.jpg,Attire
image6577.jpg,misc
image2806.jpg,Decorationandsignage
image6507.jpg,Attire
image9501.jpg,Food
image4068.jpg,Decorationandsignage
image4487.jpg,Attire
image5583.jpg,Attire
image8379.jpg,Decorationandsignage
image6288.jpg,Attire
image8412.jpg,Attire
image5472.jpg,Attire
image7352.jpg,Attire
image1524.jpg,misc
image979.jpg,misc
image2335.jpg,Attire
image3634.jpg,misc
image10662.jpg,Decorationandsignage
image6084.jpg,misc
image7130.jpg,Food
image3359.jpg,Decorationandsignage
image10555.jpg,Attire
image4659.jpg,Attire
image7281.jpg,misc
image10418.jpg,Decorationandsignage
image4284.jpg,Attire
image5311.jpg,misc
image4843.jpg,Decorationandsignage
image9380.jpg,Decorationandsignage
image2337.jpg,Decorationandsignage
image8595.jpg,Decorationandsignage
image2382.jpg,Decorationandsignage
image7212.jpg,Food
image10809.jpg,Decorationandsignage
image1982.jpg,Decorationandsignage
image7977.jpg,Decorationandsignage
image2286.jpg,Attire
image7425.jpg,Decorationandsignage
image8183.jpg,Decorationandsignage
image2500.jpg,Attire
image2745.jpg,Attire
image6900.jpg,Decorationandsignage
image10026.jpg,Attire
image10023.jpg,misc
image5242.jpg,Decorationandsignage
image8103.jpg,Decorationandsignage
image8682.jpg,Attire
image9587.jpg,Attire
image8292.jpg,Decorationandsignage
image6693.jpg,Decorationandsignage
image396.jpg,Attire
image2287.jpg,Decorationandsignage
image5451.jpg,Decorationandsignage
image1465.jpg,misc
image1112.jpg,Decorationandsignage
image10761.jpg,misc
image10236.jpg,Attire
image9933.jpg,Decorationandsignage
image10628.jpg,Decorationandsignage
image9361.jpg,Attire
image7565.jpg,Decorationandsignage
image8676.jpg,Decorationandsignage
image8144.jpg,misc
image2331.jpg,Decorationandsignage
image9393.jpg,Decorationandsignage
image1691.jpg,misc
image4228.jpg,Attire
image3122.jpg,Food
image7853.jpg,Decorationandsignage
image8751.jpg,Attire
image3675.jpg,Decorationandsignage
image600.jpg,Decorationandsignage
image1320.jpg,Attire
image8546.jpg,Decorationandsignage
image7311.jpg,misc
image3127.jpg,Decorationandsignage
image6575.jpg,Decorationandsignage
image3218.jpg,Decorationandsignage
image744.jpg,Decorationandsignage
image10231.jpg,Attire
image3409.jpg,Attire
image2643.jpg,Attire
image2668.jpg,Attire
image7328.jpg,Decorationandsignage
image2835.jpg,Decorationandsignage
image3889.jpg,Decorationandsignage
image6074.jpg,Attire
image8121.jpg,misc
image1370.jpg,Attire
image3865.jpg,Decorationandsignage
image4270.jpg,misc
image2314.jpg,Decorationandsignage
image9278.jpg,Decorationandsignage
image1325.jpg,Decorationandsignage
image8513.jpg,Decorationandsignage
image892.jpg,Attire
image7041.jpg,Attire
image7377.jpg,misc
image4344.jpg,Food
image4476.jpg,Decorationandsignage
image7801.jpg,Decorationandsignage
image1039.jpg,misc
image4200.jpg,Decorationandsignage
image3441.jpg,Decorationandsignage
image279.jpg,misc
image8120.jpg,Decorationandsignage
image1737.jpg,misc
image2139.jpg,Attire
image7248.jpg,Decorationandsignage
image6826.jpg,Attire
image723.jpg,misc
image10005.jpg,Decorationandsignage
image2838.jpg,Decorationandsignage
image3814.jpg,Food
image6743.jpg,misc
image10774.jpg,Attire
image9256.jpg,misc
image8192.jpg,Attire
image4780.jpg,Attire
image194.jpg,Attire
image2053.jpg,misc
image1773.jpg,misc
image8434.jpg,misc
image6863.jpg,Decorationandsignage
image2794.jpg,Decorationandsignage
image5095.jpg,misc
image5230.jpg,misc
image1673.jpg,Attire
image10037.jpg,Decorationandsignage
image5733.jpg,misc
image5842.jpg,Attire
image1142.jpg,Decorationandsignage
image10350.jpg,misc
image2729.jpg,Decorationandsignage
image7474.jpg,Decorationandsignage
image10245.jpg,Attire
image6040.jpg,Attire
image9140.jpg,misc
image725.jpg,Attire
image9998.jpg,Attire
image10777.jpg,misc
image2387.jpg,Decorationandsignage
image1519.jpg,misc
image153.jpg,Decorationandsignage
image1399.jpg,Decorationandsignage
image7666.jpg,Decorationandsignage
image8966.jpg,Decorationandsignage
image5319.jpg,Decorationandsignage
image2049.jpg,Decorationandsignage
image4557.jpg,Decorationandsignage
image10009.jpg,misc
image9314.jpg,Attire
image424.jpg,Decorationandsignage
image5046.jpg,Attire
image514.jpg,Decorationandsignage
image8108.jpg,Food
image9121.jpg,Decorationandsignage
image1075.jpg,Attire
image5481.jpg,Attire
image6528.jpg,Attire
image668.jpg,Decorationandsignage
image9696.jpg,misc
image9799.jpg,Attire
image3109.jpg,Decorationandsignage
image5671.jpg,Attire
image8421.jpg,Attire
image9878.jpg,Attire
image312.jpg,Decorationandsignage
image4628.jpg,Decorationandsignage
image10518.jpg,Decorationandsignage
image8398.jpg,Decorationandsignage
image5266.jpg,Decorationandsignage
image3551.jpg,Decorationandsignage
image9884.jpg,Attire
image2912.jpg,Decorationandsignage
image8527.jpg,Decorationandsignage
image3876.jpg,Decorationandsignage
image4650.jpg,Decorationandsignage
image8994.jpg,Decorationandsignage
image6463.jpg,Decorationandsignage
image3319.jpg,Food
image7106.jpg,Decorationandsignage
image4473.jpg,Decorationandsignage
image493.jpg,Decorationandsignage
image6981.jpg,Decorationandsignage
image2789.jpg,Decorationandsignage
image4892.jpg,Attire
image8657.jpg,Attire
image6182.jpg,Decorationandsignage
image2659.jpg,misc
image1503.jpg,misc
image9098.jpg,Attire
image10330.jpg,Decorationandsignage
image5156.jpg,Decorationandsignage
image10770.jpg,Decorationandsignage
image8291.jpg,Decorationandsignage
image3736.jpg,Decorationandsignage
image8853.jpg,Attire
image1840.jpg,Attire
image8349.jpg,Attire
image10510.jpg,Decorationandsignage
image4674.jpg,Decorationandsignage
image5274.jpg,Attire
image8645.jpg,Decorationandsignage
image10501.jpg,misc
image5675.jpg,misc
image6847.jpg,Decorationandsignage
image10124.jpg,Decorationandsignage
image5216.jpg,Decorationandsignage
image4308.jpg,Decorationandsignage
image2575.jpg,misc
image4207.jpg,Decorationandsignage
image2777.jpg,Attire
image9220.jpg,Food
image324.jpg,Decorationandsignage
image9942.jpg,Decorationandsignage
image6968.jpg,Attire
image4184.jpg,Attire
image8551.jpg,Attire
image7096.jpg,Decorationandsignage
image819.jpg,Decorationandsignage
image8532.jpg,misc
image2391.jpg,Decorationandsignage
image9972.jpg,Decorationandsignage
image8177.jpg,Decorationandsignage
image8688.jpg,misc
image8473.jpg,Decorationandsignage
image7272.jpg,misc
image1960.jpg,Attire
image2142.jpg,Decorationandsignage
image4031.jpg,Attire
image10238.jpg,misc
image6130.jpg,Food
image9352.jpg,Attire
image4866.jpg,Decorationandsignage
image8593.jpg,misc
image462.jpg,Decorationandsignage
image4156.jpg,Attire
image4549.jpg,Decorationandsignage
image3648.jpg,Decorationandsignage
image3550.jpg,misc
image9964.jpg,Attire
image2483.jpg,Decorationandsignage
image7371.jpg,Attire
image1613.jpg,Decorationandsignage
image7959.jpg,misc
image1625.jpg,Attire
image3570.jpg,Decorationandsignage
image9418.jpg,Attire
image7132.jpg,misc
image572.jpg,Decorationandsignage
image5761.jpg,Decorationandsignage
image6255.jpg,Attire
image1263.jpg,Attire
image7421.jpg,Decorationandsignage
image2955.jpg,misc
image8675.jpg,misc
image6670.jpg,Attire
image4341.jpg,Decorationandsignage
image6399.jpg,misc
image4680.jpg,Attire
image5020.jpg,Decorationandsignage
image3177.jpg,Attire
image10024.jpg,misc
image2205.jpg,Decorationandsignage
image7142.jpg,Decorationandsignage
image10027.jpg,Attire
image8485.jpg,Decorationandsignage
image2330.jpg,Decorationandsignage
image4337.jpg,Attire
image10874.jpg,Attire
image9219.jpg,misc
image5849.jpg,Attire
image4889.jpg,misc
image10364.jpg,Decorationandsignage
image9824.jpg,misc
image6213.jpg,Attire
image10429.jpg,Decorationandsignage
image9453.jpg,misc
image9411.jpg,Attire
image9020.jpg,Attire
image7827.jpg,Decorationandsignage
image9405.jpg,Decorationandsignage
image9961.jpg,misc
image335.jpg,misc
image8174.jpg,Decorationandsignage
image4848.jpg,Attire
image8733.jpg,Attire
image367.jpg,Decorationandsignage
image7015.jpg,Attire
image9181.jpg,misc
image8199.jpg,Decorationandsignage
image3057.jpg,Attire
image923.jpg,Attire
image1716.jpg,Attire
image10411.jpg,Decorationandsignage
image8725.jpg,Decorationandsignage
image7559.jpg,Decorationandsignage
image4717.jpg,Attire
image4910.jpg,Attire
image8921.jpg,Attire
image4399.jpg,misc
image1245.jpg,Decorationandsignage
image9437.jpg,misc
image2601.jpg,Attire
image4074.jpg,misc
image7772.jpg,Attire
image5443.jpg,misc
image8150.jpg,Decorationandsignage
image1123.jpg,Attire
image5048.jpg,Decorationandsignage
image10748.jpg,Decorationandsignage
image9978.jpg,Attire
image5315.jpg,Decorationandsignage
image10552.jpg,Attire
image7495.jpg,Decorationandsignage
image1653.jpg,Attire
image6025.jpg,Attire
image5500.jpg,Attire
image6536.jpg,Decorationandsignage
image5533.jpg,Food
image7445.jpg,Attire
image10827.jpg,Attire
image6231.jpg,Decorationandsignage
image4334.jpg,misc
image9712.jpg,Attire
image5588.jpg,Decorationandsignage
image215.jpg,Decorationandsignage
image2896.jpg,Attire
image3480.jpg,Attire
image10825.jpg,Attire
image5316.jpg,Decorationandsignage
image1752.jpg,misc
image2461.jpg,Decorationandsignage
image1203.jpg,Attire
image5949.jpg,Attire
image1674.jpg,misc
image10169.jpg,Decorationandsignage
image9408.jpg,misc
image968.jpg,Decorationandsignage
image9509.jpg,Attire
image6815.jpg,misc
image7408.jpg,Attire
image5165.jpg,Decorationandsignage
image7825.jpg,Decorationandsignage
image2145.jpg,misc
image1828.jpg,Decorationandsignage
image3305.jpg,misc
image8812.jpg,Attire
image1984.jpg,misc
image1602.jpg,misc
image6071.jpg,Attire
image458.jpg,Decorationandsignage
image1027.jpg,misc
image5188.jpg,misc
image2444.jpg,misc
image68.jpg,misc
image6285.jpg,misc
image5724.jpg,Attire
image6105.jpg,Decorationandsignage
image1597.jpg,Decorationandsignage
image8430.jpg,Decorationandsignage
image5024.jpg,Decorationandsignage
image5327.jpg,Decorationandsignage
image8270.jpg,Decorationandsignage
image9258.jpg,Decorationandsignage
image928.jpg,Decorationandsignage
image6449.jpg,misc
image2175.jpg,misc
image2427.jpg,Decorationandsignage
image4002.jpg,Attire
image4827.jpg,Attire
image4822.jpg,Decorationandsignage
image7859.jpg,misc
image866.jpg,Decorationandsignage
image3500.jpg,misc
image5371.jpg,misc
image6501.jpg,Attire
image6010.jpg,Attire
image9211.jpg,misc
image8395.jpg,Decorationandsignage
image3398.jpg,Decorationandsignage
image9111.jpg,misc
image6574.jpg,misc
image10210.jpg,Decorationandsignage
image8052.jpg,Attire
image9699.jpg,Attire
image7660.jpg,misc
image1642.jpg,Decorationandsignage
image7585.jpg,Decorationandsignage
image3056.jpg,Decorationandsignage
image5968.jpg,Decorationandsignage
image4377.jpg,Decorationandsignage
image9006.jpg,Decorationandsignage
image3783.jpg,misc
image9191.jpg,misc
image3448.jpg,misc
image2848.jpg,Decorationandsignage
image1056.jpg,Attire
image3471.jpg,misc
image6132.jpg,Attire
image6282.jpg,misc
image4651.jpg,Decorationandsignage
image10159.jpg,Food
image7530.jpg,Attire
image7383.jpg,Attire
image2109.jpg,Attire
image7375.jpg,Food
image10455.jpg,Food
image9493.jpg,Decorationandsignage
image9443.jpg,Attire
image6697.jpg,Decorationandsignage
image3277.jpg,Decorationandsignage
image5101.jpg,Attire
image298.jpg,Decorationandsignage
image9472.jpg,Decorationandsignage
image8193.jpg,Decorationandsignage
image5953.jpg,Attire
image5546.jpg,Decorationandsignage
image1291.jpg,misc
image1783.jpg,misc
image8646.jpg,Attire
image7107.jpg,Decorationandsignage
image884.jpg,misc
image8818.jpg,Decorationandsignage
image6624.jpg,misc
image6053.jpg,Decorationandsignage
image5659.jpg,Decorationandsignage
image7067.jpg,misc
image2726.jpg,Attire
image7317.jpg,misc
image4895.jpg,misc
image8638.jpg,misc
image1594.jpg,Decorationandsignage
image2597.jpg,Attire
image6367.jpg,Decorationandsignage
image3591.jpg,misc
image9291.jpg,Decorationandsignage
image6907.jpg,Decorationandsignage
image10297.jpg,Decorationandsignage
image9869.jpg,Decorationandsignage
image6497.jpg,misc
image5332.jpg,Decorationandsignage
image3214.jpg,Attire
image6704.jpg,misc
image2867.jpg,Decorationandsignage
image1439.jpg,Attire
image561.jpg,Attire
image6177.jpg,Attire
image5347.jpg,Decorationandsignage
image761.jpg,Decorationandsignage
image8910.jpg,Attire
image5527.jpg,Attire
image10747.jpg,Decorationandsignage
image7601.jpg,misc
image5539.jpg,Attire
image7865.jpg,Attire
image4921.jpg,Attire
image4982.jpg,Attire
image7254.jpg,misc
image3444.jpg,Decorationandsignage
image3610.jpg,Decorationandsignage
image6514.jpg,Food
image438.jpg,Attire
image9299.jpg,Attire
image9700.jpg,Decorationandsignage
image2349.jpg,Decorationandsignage
image7125.jpg,Decorationandsignage
image3440.jpg,Decorationandsignage
image8579.jpg,Attire
image5478.jpg,Attire
image1175.jpg,Attire
image9565.jpg,Decorationandsignage
image9678.jpg,Decorationandsignage
image6950.jpg,misc
image2135.jpg,Decorationandsignage
image5542.jpg,misc
image2085.jpg,Decorationandsignage
image3144.jpg,misc
image7206.jpg,misc
image7228.jpg,Decorationandsignage
image5268.jpg,Attire
image5351.jpg,Attire
image1260.jpg,Attire
image7800.jpg,Decorationandsignage
image2888.jpg,Attire
image10548.jpg,misc
image1108.jpg,misc
image3352.jpg,Attire
image1037.jpg,Decorationandsignage
image6934.jpg,Attire
image8025.jpg,Food
image5754.jpg,Decorationandsignage
image7569.jpg,misc
image10327.jpg,Attire
image5493.jpg,Attire
image7967.jpg,Attire
image9165.jpg,Decorationandsignage
image2757.jpg,misc
image8095.jpg,Attire
image4503.jpg,misc
image9580.jpg,Decorationandsignage
image3382.jpg,misc
image8709.jpg,Attire
image3470.jpg,Attire
image10884.jpg,Decorationandsignage
image3028.jpg,Attire
image2221.jpg,Decorationandsignage
image2543.jpg,Attire
image541.jpg,Decorationandsignage
image1084.jpg,Attire
image7458.jpg,misc
image7932.jpg,Decorationandsignage
image9438.jpg,Attire
image4332.jpg,Decorationandsignage
image4263.jpg,Decorationandsignage
image5437.jpg,Attire
image2611.jpg,Decorationandsignage
image8404.jpg,misc
image5522.jpg,misc
image3168.jpg,misc
image2001.jpg,Attire
image4857.jpg,Decorationandsignage
image3047.jpg,Attire
image7723.jpg,Decorationandsignage
image5211.jpg,Decorationandsignage
image9970.jpg,Attire
image5959.jpg,misc
image4446.jpg,misc
image171.jpg,misc
image3619.jpg,Decorationandsignage
image7050.jpg,Attire
image10309.jpg,misc
image10845.jpg,Attire
image10342.jpg,misc
image7767.jpg,misc
image4923.jpg,Attire
image9072.jpg,Decorationandsignage
image1224.jpg,Decorationandsignage
image4186.jpg,misc
image10821.jpg,Decorationandsignage
image10450.jpg,Decorationandsignage
image5210.jpg,Decorationandsignage
image3283.jpg,misc
image10576.jpg,misc
image2739.jpg,misc
image10067.jpg,Attire
image5502.jpg,Attire
image4331.jpg,Attire
image10081.jpg,Decorationandsignage
image10810.jpg,Attire
image5827.jpg,Decorationandsignage
image7616.jpg,Attire
image1151.jpg,Decorationandsignage
image3237.jpg,misc
image6357.jpg,Decorationandsignage
image4658.jpg,misc
image9793.jpg,Decorationandsignage
image5569.jpg,Attire
image1120.jpg,Attire
image505.jpg,Attire
image4345.jpg,Decorationandsignage
image6489.jpg,misc
image2032.jpg,misc
image1377.jpg,misc
image5537.jpg,misc
image2593.jpg,Attire
image6475.jpg,Attire
image5240.jpg,Decorationandsignage
image869.jpg,Attire
image7277.jpg,Decorationandsignage
image569.jpg,Attire
image9484.jpg,Decorationandsignage
image6179.jpg,Attire
image2327.jpg,Decorationandsignage
image9236.jpg,Attire
image7428.jpg,Decorationandsignage
image8855.jpg,Decorationandsignage
image2684.jpg,Decorationandsignage
image2457.jpg,Attire
image6522.jpg,Decorationandsignage
image7099.jpg,Attire
image5255.jpg,misc
image10145.jpg,Attire
image1887.jpg,Attire
image1375.jpg,Attire
image10305.jpg,Decorationandsignage
image1072.jpg,Food
image7308.jpg,Decorationandsignage
image685.jpg,Decorationandsignage
image3536.jpg,Decorationandsignage
image178.jpg,Decorationandsignage
image3677.jpg,Decorationandsignage
image8599.jpg,Decorationandsignage
image8727.jpg,Decorationandsignage
image7215.jpg,Decorationandsignage
image6028.jpg,Decorationandsignage
image271.jpg,misc
image10886.jpg,Attire
image10858.jpg,Decorationandsignage
image7001.jpg,Decorationandsignage
image85.jpg,Attire
image10756.jpg,Decorationandsignage
image10768.jpg,Attire
image8787.jpg,Attire
image511.jpg,Attire
image4234.jpg,misc
image4527.jpg,Decorationandsignage
image362.jpg,Attire
image3021.jpg,misc
image8198.jpg,Decorationandsignage
image9892.jpg,Decorationandsignage
image9768.jpg,misc
image3090.jpg,Decorationandsignage
image5832.jpg,Attire
image10278.jpg,misc
image5609.jpg,Decorationandsignage
image7034.jpg,Decorationandsignage
image7503.jpg,misc
image6848.jpg,Attire
image8766.jpg,misc
image1059.jpg,Attire
image2352.jpg,misc
image6038.jpg,Attire
image10669.jpg,Decorationandsignage
image9708.jpg,Attire
image2172.jpg,Decorationandsignage
image8273.jpg,Decorationandsignage
image10784.jpg,Decorationandsignage
image3402.jpg,Attire
image6630.jpg,Attire
image2540.jpg,misc
image7013.jpg,Attire
image6332.jpg,Attire
image4032.jpg,Decorationandsignage
image1569.jpg,Decorationandsignage
image3537.jpg,Decorationandsignage
image547.jpg,Attire
image3106.jpg,Decorationandsignage
image7097.jpg,misc
image5535.jpg,Decorationandsignage
image8961.jpg,Decorationandsignage
image2641.jpg,Attire
image4605.jpg,misc
image10151.jpg,misc
image6480.jpg,Decorationandsignage
image10317.jpg,Decorationandsignage
image4706.jpg,misc
image8363.jpg,Attire
image3600.jpg,Attire
image1767.jpg,Decorationandsignage
image9879.jpg,Decorationandsignage
image269.jpg,misc
image9530.jpg,Decorationandsignage
image451.jpg,misc
image7085.jpg,Decorationandsignage
image4749.jpg,misc
image7137.jpg,Decorationandsignage
image2028.jpg,misc
image549.jpg,Decorationandsignage
image1546.jpg,misc
image10744.jpg,Decorationandsignage
image9563.jpg,Decorationandsignage
image6809.jpg,Decorationandsignage
image7267.jpg,Attire
image8449.jpg,misc
image5769.jpg,Attire
image5906.jpg,Decorationandsignage
image7218.jpg,Decorationandsignage
image10530.jpg,Decorationandsignage
image10478.jpg,Decorationandsignage
image6037.jpg,Attire
image8091.jpg,Attire
image10872.jpg,Decorationandsignage
image8789.jpg,Decorationandsignage
image9243.jpg,Attire
image234.jpg,misc
image8167.jpg,misc
image4646.jpg,Attire
image2528.jpg,misc
image5838.jpg,Attire
image1022.jpg,Decorationandsignage
image5445.jpg,Attire
image10349.jpg,Attire
image7072.jpg,misc
image2138.jpg,Decorationandsignage
image3193.jpg,misc
image10436.jpg,Attire
image10611.jpg,misc
image649.jpg,Decorationandsignage
image1082.jpg,Decorationandsignage
image8735.jpg,Decorationandsignage
image2276.jpg,Attire
image745.jpg,Decorationandsignage
image6778.jpg,Food
image3978.jpg,Decorationandsignage
image4897.jpg,Food
image6050.jpg,Decorationandsignage
image7033.jpg,Attire
image10178.jpg,Decorationandsignage
image1497.jpg,Decorationandsignage
image2982.jpg,Decorationandsignage
image6582.jpg,Attire
image355.jpg,Decorationandsignage
image5136.jpg,Attire
image652.jpg,misc
image10191.jpg,Decorationandsignage
image4514.jpg,Decorationandsignage
image1730.jpg,misc
image3349.jpg,Decorationandsignage
image10115.jpg,Attire
image3679.jpg,Decorationandsignage
image497.jpg,misc
image9344.jpg,Attire
image2475.jpg,Decorationandsignage
image8728.jpg,Attire
image1287.jpg,Attire
image7869.jpg,misc
image7900.jpg,Food
image373.jpg,Decorationandsignage
image8881.jpg,misc
image4902.jpg,Food
image5826.jpg,misc
image9374.jpg,Attire
image4199.jpg,Decorationandsignage
image9403.jpg,Attire
image272.jpg,misc
image4104.jpg,Decorationandsignage
image797.jpg,misc
image10158.jpg,Decorationandsignage
image4793.jpg,Attire
image861.jpg,Decorationandsignage
image213.jpg,Attire
image10583.jpg,Attire
image7177.jpg,misc
image10147.jpg,misc
image8058.jpg,Food
image10640.jpg,Attire
image9025.jpg,misc
image3994.jpg,Decorationandsignage
image8935.jpg,Attire
image7763.jpg,misc
image7609.jpg,misc
image5126.jpg,misc
image9066.jpg,misc
image6530.jpg,Attire
image6957.jpg,misc
image1601.jpg,Food
image2701.jpg,Decorationandsignage
image4185.jpg,Decorationandsignage
image513.jpg,misc
image4297.jpg,Decorationandsignage
image8432.jpg,Decorationandsignage
image6390.jpg,Decorationandsignage
image2134.jpg,misc
image1479.jpg,misc
image6914.jpg,Attire
image6081.jpg,Attire
image4086.jpg,Decorationandsignage
image1736.jpg,Decorationandsignage
image7505.jpg,Decorationandsignage
image554.jpg,Decorationandsignage
image360.jpg,Attire
image1544.jpg,Decorationandsignage
image2925.jpg,Decorationandsignage
image656.jpg,Decorationandsignage
image9465.jpg,Attire
image1038.jpg,Attire
image9062.jpg,Decorationandsignage
image4759.jpg,Decorationandsignage
image6555.jpg,Decorationandsignage
image2878.jpg,Attire
image5870.jpg,misc
image9897.jpg,Food
image7987.jpg,misc
image8384.jpg,misc
image9442.jpg,Attire
image3862.jpg,misc
image3260.jpg,Attire
image6977.jpg,misc
image6378.jpg,misc
image2566.jpg,misc
image3628.jpg,misc
image1468.jpg,Attire
image9684.jpg,Decorationandsignage
image9240.jpg,Food
image4957.jpg,Attire
image9944.jpg,Decorationandsignage
image5630.jpg,misc
image120.jpg,Attire
image7993.jpg,Food
image8231.jpg,Decorationandsignage
image1535.jpg,Attire
image8951.jpg,Decorationandsignage
image6407.jpg,Attire
image10410.jpg,Decorationandsignage
image8261.jpg,Decorationandsignage
image5450.jpg,Decorationandsignage
image9511.jpg,Decorationandsignage
image2013.jpg,Decorationandsignage
image6364.jpg,Attire
image9200.jpg,misc
image9153.jpg,misc
image1220.jpg,Attire
image7942.jpg,Decorationandsignage
image7603.jpg,Attire
image1929.jpg,misc
image5857.jpg,Decorationandsignage
image2007.jpg,Decorationandsignage
image2146.jpg,Decorationandsignage
image1588.jpg,Decorationandsignage
image5337.jpg,Attire
image3449.jpg,Attire
image3183.jpg,Decorationandsignage
image5667.jpg,Decorationandsignage
image1332.jpg,Decorationandsignage
image4222.jpg,Decorationandsignage
image1486.jpg,Decorationandsignage
image10217.jpg,Decorationandsignage
image740.jpg,Attire
image5705.jpg,misc
image8891.jpg,misc
image7362.jpg,Decorationandsignage
image1207.jpg,Decorationandsignage
image3019.jpg,Decorationandsignage
image2179.jpg,Decorationandsignage
image1778.jpg,misc
image8587.jpg,Decorationandsignage
image6910.jpg,Attire
image9163.jpg,Attire
image8867.jpg,Decorationandsignage
image7905.jpg,Attire
image3039.jpg,Decorationandsignage
image6617.jpg,Decorationandsignage
image7064.jpg,Attire
image1731.jpg,Attire
image2041.jpg,misc
image6070.jpg,Decorationandsignage
image3280.jpg,Decorationandsignage
image9958.jpg,Decorationandsignage
image9293.jpg,Decorationandsignage
image10685.jpg,Attire
image9945.jpg,Decorationandsignage
image9988.jpg,Attire
image7306.jpg,misc
image2610.jpg,Decorationandsignage
image2627.jpg,Attire
image6962.jpg,misc
image10012.jpg,misc
image4271.jpg,Decorationandsignage
image10008.jpg,Attire
image3143.jpg,misc
image8429.jpg,Attire
image750.jpg,Decorationandsignage
image7940.jpg,Food
image8075.jpg,misc
image8684.jpg,Decorationandsignage
image10694.jpg,Decorationandsignage
image5173.jpg,Decorationandsignage
image5801.jpg,Attire
image6963.jpg,Decorationandsignage
image1857.jpg,Decorationandsignage
image10508.jpg,Decorationandsignage
image329.jpg,Decorationandsignage
image7339.jpg,Attire
image280.jpg,Attire
image4802.jpg,Decorationandsignage
image6429.jpg,misc
image5448.jpg,Decorationandsignage
image2570.jpg,Decorationandsignage
image10047.jpg,Decorationandsignage
image9594.jpg,misc
image5389.jpg,Attire
image519.jpg,Decorationandsignage
image2747.jpg,Decorationandsignage
image5112.jpg,Attire
image9653.jpg,Attire
image4604.jpg,Attire
image8714.jpg,misc
image9987.jpg,Attire
image3337.jpg,Attire
image416.jpg,Food
image2675.jpg,misc
image8033.jpg,Decorationandsignage
image10623.jpg,Decorationandsignage
image2818.jpg,Decorationandsignage
image9368.jpg,Decorationandsignage
image5404.jpg,Attire
image7731.jpg,Attire
image6410.jpg,Decorationandsignage
image9882.jpg,Decorationandsignage
image7664.jpg,Attire
image6243.jpg,misc
image784.jpg,Attire
image141.jpg,misc
image10659.jpg,Attire
image5062.jpg,Decorationandsignage
image10596.jpg,Decorationandsignage
image9130.jpg,Decorationandsignage
image10570.jpg,Decorationandsignage
image4452.jpg,Decorationandsignage
image1718.jpg,Food
image9671.jpg,Attire
image9913.jpg,Attire
image1036.jpg,Decorationandsignage
image2650.jpg,Attire
image1417.jpg,misc
image6265.jpg,Decorationandsignage
image5877.jpg,misc
image9656.jpg,Attire
image6333.jpg,misc
image3680.jpg,Decorationandsignage
image6075.jpg,Food
image8213.jpg,Decorationandsignage
image1539.jpg,Decorationandsignage
image9969.jpg,misc
image3870.jpg,misc
image1096.jpg,Decorationandsignage
image2951.jpg,Decorationandsignage
image7456.jpg,misc
image7111.jpg,Decorationandsignage
image148.jpg,misc
image145.jpg,Decorationandsignage
image9260.jpg,Decorationandsignage
image7187.jpg,Decorationandsignage
image3828.jpg,Decorationandsignage
image10736.jpg,Decorationandsignage
image9801.jpg,misc
image1872.jpg,Decorationandsignage
image7133.jpg,misc
image4630.jpg,Decorationandsignage
image1766.jpg,Decorationandsignage
image9499.jpg,Decorationandsignage
image796.jpg,Attire
image10850.jpg,Decorationandsignage
image7057.jpg,Attire
image4335.jpg,Attire
image10836.jpg,Decorationandsignage
image10363.jpg,Decorationandsignage
image7856.jpg,Attire
image256.jpg,Decorationandsignage
image6166.jpg,Attire
image9701.jpg,misc
image4967.jpg,Decorationandsignage
image7263.jpg,Attire
image10307.jpg,Decorationandsignage
image1869.jpg,misc
image1193.jpg,Decorationandsignage
image3690.jpg,Decorationandsignage
image4932.jpg,Decorationandsignage
image1917.jpg,Attire
image9837.jpg,Decorationandsignage
image6805.jpg,Decorationandsignage
image5934.jpg,Decorationandsignage
image3126.jpg,Attire
image10360.jpg,Decorationandsignage
image4961.jpg,Decorationandsignage
image2338.jpg,Decorationandsignage
image7506.jpg,Decorationandsignage
image8924.jpg,misc
image8032.jpg,Attire
image6122.jpg,misc
image2753.jpg,Decorationandsignage
image10046.jpg,Attire
image10150.jpg,Decorationandsignage
image388.jpg,Decorationandsignage
image2339.jpg,Attire
image6156.jpg,misc
image10830.jpg,misc
image4914.jpg,Attire
image155.jpg,Attire
image10119.jpg,misc
image5572.jpg,Decorationandsignage
image9529.jpg,Decorationandsignage
image4461.jpg,Attire
image9454.jpg,Decorationandsignage
image3544.jpg,Decorationandsignage
image2914.jpg,Decorationandsignage
image2738.jpg,Attire
image2613.jpg,Decorationandsignage
image2856.jpg,Decorationandsignage
image9274.jpg,Decorationandsignage
image4442.jpg,Decorationandsignage
image5119.jpg,Attire
image8564.jpg,misc
image4836.jpg,Decorationandsignage
image1530.jpg,Decorationandsignage
image336.jpg,Decorationandsignage
image7734.jpg,Decorationandsignage
image537.jpg,Attire
image2448.jpg,Decorationandsignage
image1924.jpg,Attire
image8569.jpg,Decorationandsignage
image8474.jpg,Decorationandsignage
image9538.jpg,Decorationandsignage
image1816.jpg,Attire
image5943.jpg,misc
image1235.jpg,Attire
image3141.jpg,Decorationandsignage
image4665.jpg,Attire
image10691.jpg,Attire
image2177.jpg,Decorationandsignage
image1978.jpg,Attire
image8302.jpg,misc
image6005.jpg,misc
image4319.jpg,Attire
image8222.jpg,Decorationandsignage
image4968.jpg,Attire
image6673.jpg,Decorationandsignage
image3442.jpg,Attire
image8178.jpg,Attire
image5367.jpg,misc
